# task=cylinder
# algo=PPO
# checkpoint=/home/tan/hora/BrainCo/outputs/revo3_right/run_cylinder_v2_continue/stage1_nn/last.pth
# policy_dt_sec=0.050000
# policy_hz=20.000000
# action_semantics=delta
# action_formula=target=prev_target+(1/24)*raw_action then clamp(joint_limits)
# raw_action_definition=policy clamped delta output mu (pre delta-integration, [-1,1])
# target_definition=cur_targets (delta-accumulated + joint-limit clamped, used in PD formula)
# jointpos_definition=hand.data.joint_pos (absolute joint angles, rad)
# joint_order=0:right_index_MPR_joint, 1:right_little_MPR_joint, 2:right_middle_MPR_joint, 3:right_ring_MPR_joint, 4:right_thumb_CMP_joint, 5:right_index_MCP_joint, 6:right_little_MCP_joint, 7:right_middle_MCP_joint, 8:right_ring_MCP_joint, 9:right_thumb_CMR_joint, 10:right_index_PIP_joint, 11:right_little_PIP_joint, 12:right_middle_PIP_joint, 13:right_ring_PIP_joint, 14:right_thumb_MCP_joint, 15:right_index_DIP_joint, 16:right_little_DIP_joint, 17:right_middle_DIP_joint, 18:right_ring_DIP_joint, 19:right_thumb_PIP_joint, 20:right_thumb_DIP_joint

frame=000 t= 0.000s reward=-13.107315 done=0 raw_action=[-1.000000, -0.754290, -1.000000, -0.029902, +1.000000, +0.777957, +0.669982, +1.000000, +1.000000, -0.503743, +0.003581, -0.578514, +1.000000, +1.000000, +1.000000, -1.000000, +0.719055, +1.000000, +0.841294, +1.000000, +1.000000]
frame=001 t= 0.050s reward=-0.726241 done=0 raw_action=[-1.000000, +0.104949, -0.889823, -0.354730, +0.838652, -0.052437, -0.891450, +1.000000, +0.993469, -0.779284, +0.257338, -0.200323, +1.000000, +1.000000, +0.947188, -0.934885, -0.256859, +0.382146, +0.446464, +1.000000, +0.444395]
frame=002 t= 0.100s reward=-0.757776 done=0 raw_action=[+1.000000, +1.000000, +0.056382, -0.511796, +1.000000, -0.247047, +0.205216, -0.537246, +1.000000, -0.561036, +0.244426, +0.341783, +1.000000, +1.000000, -0.346739, -0.693768, -0.708769, -0.450206, -1.000000, +1.000000, -0.429679]
frame=003 t= 0.150s reward=-0.815961 done=0 raw_action=[+1.000000, +1.000000, +0.821666, -0.810156, +1.000000, +0.832760, +0.528275, -1.000000, +0.842091, -0.397247, +1.000000, +0.110850, +1.000000, +0.889710, -0.815020, +0.694925, -0.522103, +0.376777, -0.971108, +0.531998, -0.132113]
frame=004 t= 0.200s reward=-1.836283 done=0 raw_action=[+0.547993, +1.000000, +0.544990, -1.000000, +1.000000, -0.508344, +0.755796, +0.082225, +0.196970, -0.793626, +0.988933, +0.383166, +1.000000, -1.000000, +0.268265, +0.977113, +0.661122, -0.914315, -0.189788, -0.114063, -1.000000]
frame=005 t= 0.250s reward=+0.687140 done=0 raw_action=[+0.192967, +1.000000, -0.175405, -1.000000, +1.000000, -0.882744, +0.746653, -0.153956, +0.534871, -1.000000, +0.213168, +0.082425, +0.421038, -0.648082, +0.645980, +0.053585, +0.298705, -0.893255, -0.206609, -0.246389, -0.125770]
frame=006 t= 0.300s reward=+0.555174 done=0 raw_action=[-0.010598, +1.000000, +1.000000, -0.718666, +1.000000, -0.078644, -0.328965, +0.372611, +0.416405, -1.000000, +1.000000, -0.524663, +0.341578, -0.152194, +0.545152, +0.421286, -0.980473, +0.213635, -0.339313, -0.191483, +0.812858]
frame=007 t= 0.350s reward=+0.354349 done=0 raw_action=[+0.679663, +1.000000, +1.000000, -0.060234, +1.000000, -0.351949, +0.096588, -0.420270, +0.044704, -1.000000, +0.771382, -0.840613, +0.464062, -0.823994, +0.108971, -0.029718, -1.000000, -0.105621, -0.136281, +0.097614, +0.488137]
frame=008 t= 0.400s reward=-1.251318 done=0 raw_action=[+1.000000, -0.737429, +1.000000, +1.000000, +1.000000, +0.278205, +0.491466, +0.101148, +0.038030, -1.000000, +0.381226, -0.461227, +0.688915, -0.688331, -0.180586, -0.268265, -0.982701, +1.000000, +0.319906, +0.407999, +0.071651]
frame=009 t= 0.450s reward=+0.116149 done=0 raw_action=[+0.997759, -1.000000, +1.000000, +1.000000, +1.000000, +0.920350, +0.093517, +0.666887, +0.467235, -1.000000, -0.830105, +0.475899, +0.804309, -0.376831, -0.356575, -0.200569, -0.525805, +0.917503, +0.012862, +0.206422, -0.466629]
frame=010 t= 0.500s reward=+0.896002 done=0 raw_action=[+1.000000, -1.000000, +1.000000, +1.000000, +1.000000, +0.800184, -0.363599, +1.000000, +0.301044, -0.942917, -0.841510, +1.000000, +0.731186, -0.462671, +0.477609, +0.411640, -0.738114, +0.218936, +0.448448, +0.424535, -0.276221]
frame=011 t= 0.550s reward=+0.829513 done=0 raw_action=[+1.000000, -1.000000, +1.000000, +1.000000, +1.000000, +0.975404, -1.000000, +1.000000, -0.118113, -0.841050, -0.768874, +1.000000, -0.318540, -1.000000, +0.463196, +0.559150, -0.373400, +0.612736, +0.048047, -0.149366, -0.398584]
frame=012 t= 0.600s reward=+0.810567 done=0 raw_action=[+0.523394, -1.000000, +1.000000, +0.689961, +1.000000, +0.746731, -1.000000, +0.900621, -0.301315, -0.746264, -0.790192, +0.556784, -0.940374, +0.278328, +0.152582, +0.388314, +0.987966, -0.364833, +0.246031, -0.040641, -0.358300]
frame=013 t= 0.650s reward=+0.794536 done=0 raw_action=[+0.149677, -0.176945, -0.217451, -0.072409, +1.000000, +1.000000, -1.000000, +0.499364, -1.000000, +0.165932, -0.515114, -0.291659, -0.972162, -0.350447, -0.030299, -0.040410, +1.000000, -0.874104, +0.048310, -0.530438, -0.064012]
frame=014 t= 0.700s reward=+0.231679 done=0 raw_action=[-0.188726, -0.245940, -1.000000, -1.000000, +1.000000, +1.000000, -0.837321, +0.420172, -1.000000, +0.950304, -0.169524, -0.767207, -0.553968, +0.486810, -0.263055, -0.156962, +0.822039, -1.000000, -0.101312, -0.534703, +0.426260]
frame=015 t= 0.750s reward=+0.459586 done=0 raw_action=[+0.113137, +0.060855, -1.000000, -1.000000, +1.000000, +1.000000, -0.693386, -0.380058, -1.000000, +1.000000, +0.202733, -0.142945, +0.356068, -0.181447, -0.119202, -0.529020, -0.269707, -1.000000, -0.495225, -0.566786, +1.000000]
frame=016 t= 0.800s reward=+1.056168 done=0 raw_action=[+0.143650, +0.359621, -1.000000, -1.000000, +1.000000, +0.931325, -1.000000, -0.469684, -1.000000, +1.000000, +0.525881, +0.424463, +0.557902, -0.422399, -0.021995, -0.948722, -0.526188, -0.770049, -0.611505, -0.445077, +0.781254]
frame=017 t= 0.850s reward=-0.306753 done=0 raw_action=[-0.054082, +0.029799, -1.000000, -1.000000, +1.000000, +0.833376, -1.000000, -0.341715, -0.302995, +1.000000, +0.688517, +0.551499, +0.458857, -0.067616, -0.225117, -0.621359, -0.240769, -0.231544, -0.455909, -0.051998, +0.082974]
frame=018 t= 0.900s reward=+1.001766 done=0 raw_action=[-0.631305, -0.458014, -1.000000, -0.988485, +1.000000, +0.432104, -1.000000, -0.944427, +0.535354, +1.000000, -0.382968, +0.500390, +0.054393, -0.157565, -0.848985, -1.000000, +0.392422, +0.104914, -0.708079, +0.719057, -0.541228]
frame=019 t= 0.950s reward=+1.065657 done=0 raw_action=[+0.328301, -0.626016, -1.000000, -0.453290, +1.000000, +0.176522, -0.456750, -1.000000, -0.423431, +1.000000, -0.499767, +0.688212, -0.439890, -0.372642, -0.552724, -1.000000, +0.493597, +0.564390, -0.498949, +0.939277, -0.349798]
frame=020 t= 1.000s reward=+1.067738 done=0 raw_action=[-0.231440, -0.148526, -1.000000, -0.058630, +1.000000, +0.261187, +0.827532, -1.000000, +0.076389, +0.837305, -1.000000, +0.496245, -0.527038, +0.618903, -0.635567, -1.000000, +0.895059, +1.000000, +0.780233, +1.000000, -0.184928]
frame=021 t= 1.050s reward=+1.078388 done=0 raw_action=[-0.591035, +0.821009, +0.046544, +0.929655, +0.998364, -0.279783, +1.000000, -1.000000, -0.085952, +0.932387, -1.000000, +0.763309, -0.801843, +1.000000, -0.979522, -1.000000, -0.210212, +0.468896, +1.000000, +0.451042, +0.133521]
frame=022 t= 1.100s reward=-1.487924 done=0 raw_action=[-0.468095, -0.050554, +1.000000, +0.929547, +0.708636, -0.006339, +1.000000, +0.114906, -0.465338, +0.967477, -1.000000, +0.937424, -0.293419, +1.000000, -0.100106, -0.386836, -0.621656, +0.305246, +1.000000, -0.516155, +0.103785]
frame=023 t= 1.150s reward=-1.131885 done=0 raw_action=[-0.307845, -1.000000, +1.000000, -0.388363, +0.579619, -1.000000, +1.000000, +0.613115, +0.567448, +1.000000, -1.000000, +0.970447, -0.426213, +0.722171, +0.540434, +0.519798, -0.016494, -0.431045, +1.000000, -1.000000, -0.831262]
frame=024 t= 1.200s reward=+0.202211 done=0 raw_action=[+0.161125, +0.262046, +0.847647, -0.461365, +0.560561, +0.598723, +1.000000, -0.299404, +1.000000, +1.000000, -0.239558, +0.166274, -0.456100, +1.000000, -0.234675, +0.536875, -1.000000, +0.565153, +0.922007, -0.520063, -0.004481]
frame=025 t= 1.250s reward=+1.121094 done=0 raw_action=[+0.246756, +0.759948, +1.000000, -0.158425, +0.855609, +1.000000, +1.000000, +0.200008, +0.644957, -0.374938, +1.000000, -0.427462, +0.051902, -0.172775, +0.172967, +1.000000, -0.871414, +0.262817, -0.149841, -0.062224, -0.184917]
frame=026 t= 1.300s reward=+0.687941 done=0 raw_action=[-0.041188, +0.743054, +0.269760, -1.000000, +0.959460, +0.228872, +0.749559, +0.733734, +0.431874, -0.958824, +1.000000, -0.504062, +0.146275, +0.197912, +0.587872, +0.512222, -0.204935, -0.458105, -0.076764, -0.198653, -0.323022]
frame=027 t= 1.350s reward=+1.071720 done=0 raw_action=[-0.012407, +1.000000, -1.000000, -1.000000, +1.000000, -0.581875, +0.659052, +0.774105, +0.393541, -1.000000, +0.626414, -0.380608, -0.220811, +0.017913, +0.944924, -0.476926, +0.489081, -1.000000, -0.175164, +0.052594, +0.217698]
frame=028 t= 1.400s reward=+1.105098 done=0 raw_action=[+0.732620, +0.996395, -0.424374, -0.984835, +1.000000, +0.233707, -0.241922, -0.364032, +0.063089, -1.000000, +1.000000, -0.742439, -0.274815, -0.021671, +0.896989, -0.141610, -0.495516, -0.181107, -0.482241, +0.456322, +0.887860]
frame=029 t= 1.450s reward=-0.089272 done=0 raw_action=[+0.125991, +0.791798, +0.731439, -0.492035, +1.000000, -0.690651, -0.352757, +0.671142, -0.108902, -1.000000, +1.000000, -0.374836, +0.734473, -1.000000, +0.579861, +0.215627, -0.302233, +0.273008, -0.172555, -0.188127, +0.625750]
frame=030 t= 1.500s reward=+1.020656 done=0 raw_action=[+0.542893, +0.518894, +0.857389, +0.010931, +1.000000, -1.000000, +0.759376, +0.018458, +0.135857, -1.000000, +1.000000, -0.916545, +0.800348, -0.377832, +0.328796, -0.176176, +0.123418, -0.151364, -0.105116, -0.119488, -0.047330]
frame=031 t= 1.550s reward=+1.042269 done=0 raw_action=[+0.570213, -0.505221, +1.000000, +0.925577, +1.000000, +0.201056, +0.493302, -0.685672, +0.503102, -1.000000, +0.652462, -1.000000, +0.244835, -0.825955, -0.493371, -0.476582, -0.110106, +0.295362, -0.349838, +0.339272, -0.223705]
frame=032 t= 1.600s reward=+1.061266 done=0 raw_action=[+1.000000, -1.000000, +1.000000, +1.000000, +0.673964, +1.000000, -0.237298, +0.763426, +0.403087, -1.000000, -0.120272, +0.379621, +0.347594, -0.907249, -0.192676, -0.099481, -0.422539, +0.903350, +0.251696, +1.000000, -0.173973]
frame=033 t= 1.650s reward=+0.689728 done=0 raw_action=[+0.584899, -1.000000, +1.000000, +1.000000, +0.909849, +1.000000, -0.726378, +1.000000, +0.995710, -1.000000, -0.860238, +1.000000, +1.000000, -0.230564, +0.113923, +0.501275, +0.104352, +0.409895, +0.331823, +0.042014, -0.372351]
frame=034 t= 1.700s reward=+0.958321 done=0 raw_action=[+0.483333, -1.000000, +1.000000, +0.642609, +1.000000, +0.947818, -1.000000, +0.776918, +0.207240, -1.000000, -0.695585, +1.000000, -0.363435, -0.370438, +0.022497, +0.565927, +0.893086, +0.134751, -0.084417, -0.131352, -0.401504]
frame=035 t= 1.750s reward=+1.032368 done=0 raw_action=[+0.077161, -0.962058, +0.461311, +0.269728, +1.000000, +0.485644, -1.000000, +0.507369, -0.797528, -0.708978, -0.855372, +0.160153, -0.494950, +0.205919, -0.116476, +0.264844, +1.000000, -0.766709, -0.434771, -0.775384, -0.141419]
frame=036 t= 1.800s reward=+0.613633 done=0 raw_action=[-0.020155, -0.196644, -0.721094, -0.593716, +1.000000, +0.515082, -1.000000, +0.350710, -1.000000, +0.115970, -0.807358, -0.476403, -0.627641, -0.338261, +0.204355, -0.094914, +0.556680, -1.000000, -0.533124, -0.847986, +0.212041]
frame=037 t= 1.850s reward=+1.058620 done=0 raw_action=[-0.550578, -0.448135, -1.000000, -1.000000, +1.000000, +0.914438, -1.000000, +0.297219, -1.000000, +1.000000, -0.024080, -0.779132, +0.434342, +0.095763, -0.454620, +0.031549, -0.331046, -0.814584, -0.451552, -0.745764, +0.706802]
frame=038 t= 1.900s reward=+1.091998 done=0 raw_action=[+0.062465, +0.084851, -1.000000, -1.000000, +1.000000, +1.000000, -1.000000, -0.791277, -1.000000, +1.000000, +0.560066, +0.028517, +0.492905, -0.240351, +0.148239, -0.608574, -0.601357, -0.705377, -0.420040, +0.265894, +1.000000]
frame=039 t= 1.950s reward=+1.027021 done=0 raw_action=[+0.249558, +0.364033, -1.000000, -1.000000, +1.000000, +1.000000, -1.000000, -0.963927, -0.796042, +1.000000, +0.681091, +0.272089, +0.339110, +0.028179, -0.138876, -1.000000, -0.452905, -0.001246, -0.584311, +0.383245, +0.981034]
frame=040 t= 2.000s reward=+0.520004 done=0 raw_action=[-0.283671, +0.062238, -1.000000, -0.973645, +1.000000, +0.577709, -1.000000, -0.822707, -0.294769, +1.000000, +0.280595, +0.402760, +0.426009, -0.164679, -0.715741, -0.848553, +0.293467, +0.667576, -0.682468, +0.535360, -0.630737]
frame=041 t= 2.050s reward=+0.371133 done=0 raw_action=[+0.213580, -0.259842, -1.000000, -0.893048, +1.000000, +0.593293, -0.356774, -1.000000, -0.254211, +1.000000, -0.448980, +0.357898, +0.083407, -0.305252, -0.799971, -1.000000, +0.624525, +0.601734, -0.098166, +1.000000, -0.566859]
frame=042 t= 2.100s reward=+1.106967 done=0 raw_action=[-0.842278, +0.231000, -1.000000, -0.288845, +1.000000, +0.085617, +1.000000, -1.000000, +0.550222, +1.000000, -1.000000, +0.361612, -0.290065, +0.941542, -1.000000, -1.000000, +1.000000, +0.836854, +0.844788, +1.000000, -0.414201]
frame=043 t= 2.150s reward=+1.113926 done=0 raw_action=[-0.290076, +0.454546, +0.047159, +0.706419, +0.814506, -0.298355, +1.000000, -1.000000, -0.454177, +0.956742, -1.000000, +0.480789, -0.574320, +0.936262, -0.708348, -1.000000, +0.084866, +0.137131, +1.000000, +0.272105, +0.033659]
frame=044 t= 2.200s reward=+1.127883 done=0 raw_action=[-0.213134, -0.318529, +1.000000, +0.723533, +0.473596, +0.242374, +1.000000, -0.010549, -0.144361, +0.976452, -0.881793, +0.690487, -0.373682, +1.000000, -0.136827, -0.373560, -0.556742, +0.550136, +1.000000, -0.782375, -0.343199]
frame=045 t= 2.250s reward=+1.117547 done=0 raw_action=[-0.012799, -0.248297, +1.000000, -0.177970, +0.677540, +0.215909, +1.000000, +0.622081, +0.654239, +1.000000, -0.234421, +0.705414, -0.547749, +0.727723, +0.074781, +0.571728, -0.461673, +0.121917, +1.000000, -0.570372, -0.003043]
frame=046 t= 2.300s reward=+0.905718 done=0 raw_action=[+0.518732, -0.024047, +1.000000, -0.490455, +0.976357, -0.054412, +1.000000, +0.276759, +0.612731, +0.627125, +0.127836, +0.459269, -0.511619, +0.375629, +0.214018, +0.650221, -0.564795, -0.374096, +0.121440, -0.637159, -0.126534]
frame=047 t= 2.350s reward=+1.127060 done=0 raw_action=[-0.051513, +0.457053, +1.000000, -0.372810, +1.000000, +0.369960, +1.000000, +0.108326, +0.481742, -0.374698, +0.505783, -0.146046, -0.182591, +0.105782, +0.372678, +0.566763, -0.709616, +0.675002, -0.118873, -0.350338, -0.343157]
frame=048 t= 2.400s reward=+0.403627 done=0 raw_action=[-0.055735, +0.754637, -0.297640, -0.916441, +1.000000, -0.066428, +1.000000, +0.076721, +0.563849, -0.612856, +0.240070, -0.620469, -0.477582, +0.310860, +0.161176, +0.431824, -0.292640, -0.565836, +0.249755, +0.105837, +0.148959]
frame=049 t= 2.450s reward=+1.134645 done=0 raw_action=[-0.298326, +1.000000, -1.000000, -1.000000, +1.000000, -0.502425, +1.000000, +0.310903, +0.295562, -1.000000, +0.126083, -0.514620, -0.297940, +0.342370, +0.415273, +0.198127, -0.072476, -0.245766, +0.249601, -0.181458, +0.159540]
frame=050 t= 2.500s reward=+0.773258 done=0 raw_action=[+0.395224, +0.770586, -0.112797, -0.901497, +1.000000, +0.166898, -0.353969, +0.580850, -0.385589, -1.000000, +1.000000, -0.352049, -0.052846, -0.093492, +0.844656, +0.392328, -0.397536, +0.115049, -0.083062, +0.142196, +0.630166]
frame=051 t= 2.550s reward=+1.142761 done=0 raw_action=[-0.220631, +0.895189, -0.328498, -1.000000, +1.000000, -1.000000, +0.156373, +0.488642, +0.237666, -1.000000, +0.761775, -0.743300, +0.297741, -0.530636, +0.661895, -0.047265, -0.056163, -0.700795, -0.261109, -0.477835, +0.094024]
frame=052 t= 2.600s reward=+1.087737 done=0 raw_action=[+0.701657, +0.687713, +0.702216, -0.478706, +1.000000, -0.844851, +0.220363, -0.009144, -0.043178, -1.000000, +1.000000, -0.832102, +0.219146, -0.788470, +0.723109, -0.356529, +0.125104, +0.000973, -0.190127, +0.288936, +0.179861]
frame=053 t= 2.650s reward=+1.106531 done=0 raw_action=[+1.000000, -0.207388, +1.000000, +0.725850, +1.000000, +0.668337, +0.274517, -0.566523, +0.254218, -1.000000, +1.000000, -1.000000, +0.084118, -0.706581, -0.480471, +0.072078, -0.789313, +0.710231, +0.096411, +0.518667, +0.032832]
frame=054 t= 2.700s reward=+1.064818 done=0 raw_action=[+0.601604, -1.000000, +1.000000, +1.000000, +1.000000, +0.404223, +0.424320, +0.296985, +0.271448, -1.000000, +0.267705, -0.567362, +0.717538, -0.529231, -0.155457, +0.051556, -0.262583, +0.245802, +0.110148, +0.548328, -0.027311]
frame=055 t= 2.750s reward=+1.052096 done=0 raw_action=[+0.758352, -1.000000, +1.000000, +0.861093, +0.935544, +1.000000, -1.000000, +0.702485, +1.000000, -0.948132, -0.397891, +0.772861, +0.364091, -0.554476, +0.236131, +0.022352, +0.194501, +0.636436, -0.035331, -0.117500, -0.347588]
frame=056 t= 2.800s reward=+1.084393 done=0 raw_action=[+0.574528, -1.000000, +1.000000, +0.689475, +1.000000, +0.860201, -1.000000, +0.977982, +0.847388, -0.984623, -0.755854, +1.000000, -0.045842, -0.547856, +0.281684, +0.184864, +0.747408, +0.329987, -0.146035, -0.030438, -0.561889]
frame=057 t= 2.850s reward=+1.080752 done=0 raw_action=[+0.386711, -0.452543, +0.767092, -0.016807, +1.000000, +0.611071, -1.000000, +0.339024, -0.452909, -0.635156, -0.463758, +0.078889, -0.135376, -0.048702, +0.258566, +0.262548, +1.000000, -0.322877, -0.100521, -0.813001, -0.554651]
frame=058 t= 2.900s reward=+1.082740 done=0 raw_action=[+0.142036, -0.378023, -0.354281, -0.314412, +1.000000, +0.589666, -1.000000, +0.643603, -0.769176, -0.000880, -0.404335, -0.607150, -0.045856, +0.425074, -0.214905, +0.266571, +0.307409, -1.000000, -0.619612, -0.739880, -0.120927]
frame=059 t= 2.950s reward=+1.039033 done=0 raw_action=[-0.159014, -0.356541, -1.000000, -0.664183, +1.000000, +0.899588, -0.882178, +0.311062, -1.000000, +0.758551, -0.175690, -0.677805, +0.085711, +0.072609, -0.002155, +0.040397, -0.028047, -1.000000, -0.302428, -0.357754, +0.736364]
frame=060 t= 3.000s reward=+1.043868 done=0 raw_action=[-0.187474, +0.128201, -1.000000, -1.000000, +1.000000, +1.000000, -0.871592, -0.266018, -1.000000, +0.971683, +0.256480, +0.137310, +0.319583, -0.692691, +0.282419, -0.559356, -0.123987, -0.677073, -0.441769, +0.065566, +0.969291]
frame=061 t= 3.050s reward=+1.094461 done=0 raw_action=[-0.065850, +0.033933, -1.000000, -1.000000, +1.000000, +0.779938, -1.000000, -0.324276, -0.938910, +1.000000, +0.510232, +0.041878, +0.901432, -0.103725, -0.246993, -0.726173, -0.453087, -0.027711, -0.772408, -0.218069, +0.233122]
frame=062 t= 3.100s reward=+0.305994 done=0 raw_action=[+0.165487, +0.013224, -1.000000, -0.746975, +1.000000, +0.549774, -1.000000, -1.000000, -0.543167, +1.000000, +0.386299, +0.312748, +0.485625, -0.193324, -0.327021, -1.000000, -0.084851, -0.043229, -0.868245, +0.474367, -0.051936]
frame=063 t= 3.150s reward=+0.781562 done=0 raw_action=[-0.506077, -0.407880, -1.000000, -0.675273, +1.000000, +0.238477, -0.770861, -1.000000, +0.463866, +1.000000, -0.730808, +0.242978, -0.075365, +0.144463, -0.969978, -1.000000, +0.915812, +0.544262, -0.596859, +1.000000, -0.412391]
frame=064 t= 3.200s reward=+1.103055 done=0 raw_action=[-0.439994, +0.096644, -1.000000, -0.572347, +1.000000, -0.148946, +0.546837, -1.000000, +0.344788, +1.000000, -1.000000, +0.580910, -0.239185, +0.206163, -1.000000, -1.000000, +1.000000, +0.918207, +0.489454, +1.000000, -0.033206]
frame=065 t= 3.250s reward=+0.950602 done=0 raw_action=[+0.026410, +0.718066, -0.350772, +0.492648, +1.000000, -0.126448, +1.000000, -1.000000, -0.649934, +0.912758, -1.000000, +0.669011, -0.816348, +0.925958, -0.774582, -1.000000, +0.373038, +0.046317, +1.000000, +1.000000, +0.530950]
frame=066 t= 3.300s reward=+1.125818 done=0 raw_action=[-0.271061, -0.625166, +1.000000, +1.000000, +0.521766, -0.128694, +1.000000, -0.014054, -0.794209, +1.000000, -0.856655, +0.836797, -0.046471, +0.951797, +0.300137, +0.101007, -1.000000, +0.218364, +1.000000, -1.000000, -0.449524]
frame=067 t= 3.350s reward=+1.028885 done=0 raw_action=[-0.043820, -0.440749, +1.000000, -0.251904, +0.642542, +0.230846, +1.000000, +0.231066, +1.000000, +1.000000, -0.216690, +0.642245, -0.534407, +0.874491, -0.104995, +0.530371, -0.869346, +0.250963, +1.000000, -0.538594, -0.664960]
frame=068 t= 3.400s reward=+0.978710 done=0 raw_action=[+0.171812, -0.238008, +1.000000, -0.579654, +0.937002, -0.101822, +1.000000, +0.538342, +1.000000, +0.533305, -0.058496, +0.592430, -0.384219, +0.204014, +0.389595, +0.848845, -0.265457, +0.030634, +0.084654, -0.787583, -0.633360]
frame=069 t= 3.450s reward=+1.008330 done=0 raw_action=[+0.046141, +0.682493, +0.704214, -0.498975, +0.908930, +0.159449, +1.000000, +0.147174, +0.659367, +0.128976, -0.145715, +0.192867, -0.027673, +0.246982, +0.049363, +0.177770, -0.312996, +0.225470, +0.198311, -0.197883, +0.085204]
frame=070 t= 3.500s reward=-1.714792 done=0 raw_action=[+0.134170, +0.836293, +0.386486, -0.603381, +0.959619, +0.437849, +1.000000, +0.216479, +0.062633, -1.000000, +0.686940, -0.242764, -0.308763, +0.152927, +0.256077, +0.128969, -0.257299, +0.264880, -0.280579, +0.095054, -0.120935]
frame=071 t= 3.550s reward=+1.149122 done=0 raw_action=[-0.656665, +0.804818, -1.000000, -1.000000, +0.800096, -1.000000, +1.000000, +0.260136, +0.272242, -0.370107, -0.400734, -0.537352, -0.124448, +0.827251, +0.099471, +0.271469, +0.131716, -0.761593, +0.450881, -0.465024, +0.339546]
frame=072 t= 3.600s reward=+1.137838 done=0 raw_action=[+0.625983, +0.734341, -0.772128, -1.000000, +1.000000, +0.188216, +0.350072, -0.056620, -0.304464, -1.000000, +1.000000, -0.690513, -0.314167, +0.057387, +0.753202, +0.558207, -1.000000, -0.532372, +0.137765, -0.075487, +0.170928]
frame=073 t= 3.650s reward=+1.153377 done=0 raw_action=[-0.037412, +0.498606, +0.463101, -0.730423, +1.000000, -0.155748, -0.508144, +1.000000, +0.268242, -1.000000, +1.000000, -0.499745, +0.126410, -0.062409, +0.839290, +0.776820, -0.898115, +0.291518, +0.070735, -0.093240, +0.430514]
frame=074 t= 3.700s reward=+0.999990 done=0 raw_action=[+0.637822, +0.844781, +0.546012, -0.393237, +1.000000, -1.000000, +0.244858, +0.319935, +0.052137, -1.000000, +1.000000, -0.724733, +0.046365, -0.872577, +0.625052, -0.090269, -0.452798, -0.641927, -0.022837, +0.286279, +0.291804]
frame=075 t= 3.750s reward=+1.058733 done=0 raw_action=[+0.488504, +0.362188, +0.936788, +0.667309, +1.000000, -1.000000, +0.400054, +0.634120, -0.043242, -1.000000, +0.717943, -0.745335, +0.218037, -0.852862, +0.751789, -0.837700, -0.026395, -0.043112, -0.107416, +0.420768, +0.112615]
frame=076 t= 3.800s reward=+1.026086 done=0 raw_action=[+0.767700, -1.000000, +1.000000, +1.000000, +1.000000, +1.000000, +0.108188, +0.211163, -0.125626, -1.000000, +0.558504, -0.106089, +0.590084, -1.000000, -0.298627, -0.373101, -0.697406, +0.590730, -0.044124, +0.731686, -0.344487]
frame=077 t= 3.850s reward=+0.815544 done=0 raw_action=[+0.767084, -1.000000, +1.000000, +1.000000, +1.000000, +1.000000, -0.570832, -0.173115, +1.000000, -1.000000, -0.297862, +0.201785, +0.669612, -0.641717, -0.144322, +0.141085, -0.358885, +0.275306, -0.087235, +0.783314, -0.162459]
frame=078 t= 3.900s reward=+1.075376 done=0 raw_action=[+0.282612, -1.000000, +1.000000, +0.585407, +1.000000, +1.000000, -1.000000, -0.022922, +1.000000, -0.848034, -0.474694, +0.521834, +0.212815, -0.714913, +0.017770, +0.341436, +0.736004, +0.650277, -0.239232, -0.228826, -0.516814]
frame=079 t= 3.950s reward=+0.829906 done=0 raw_action=[-0.057309, -1.000000, +1.000000, -0.049533, +1.000000, +0.491898, -1.000000, +0.703713, +0.084757, -0.624330, -0.807835, +0.307213, +0.155411, -0.125804, +0.110799, +0.334927, +0.980852, -0.468195, -0.139507, -0.148457, -0.051803]
frame=080 t= 4.000s reward=+0.448764 done=0 raw_action=[-0.104058, -0.691443, -0.618451, -0.603746, +1.000000, +0.578965, -1.000000, +0.260081, -0.811863, +0.277618, -0.570566, -0.683404, -0.504934, +0.121434, -0.388635, +0.050235, +0.389218, -0.886741, -0.757932, -0.700469, +0.165763]
frame=081 t= 4.050s reward=+0.395320 done=0 raw_action=[-0.617987, -0.340654, -1.000000, -0.738742, +1.000000, +0.461634, -1.000000, +0.158380, -0.654350, +0.658588, -0.548649, -0.495418, +0.434660, +0.207477, -0.296024, -0.146144, +0.129765, -0.610017, -0.544425, -0.556978, +0.494669]
frame=082 t= 4.100s reward=+1.064628 done=0 raw_action=[-0.048940, +0.181710, -1.000000, -1.000000, +1.000000, +0.487740, -1.000000, -0.336030, -0.997185, +1.000000, -0.124708, -0.158591, +0.736462, -0.071638, -0.314973, -0.819506, -0.458643, -0.521545, -0.632394, -0.328745, +0.838776]
frame=083 t= 4.150s reward=+0.907836 done=0 raw_action=[+0.543666, +0.403574, -1.000000, -1.000000, +1.000000, +0.532820, -1.000000, -0.854445, -1.000000, +1.000000, +0.584487, +0.194040, +0.711007, -0.354953, -0.357498, -0.751990, -0.765015, -0.183823, -1.000000, -0.185021, +0.714025]
frame=084 t= 4.200s reward=+0.998239 done=0 raw_action=[-0.215853, -0.153222, -1.000000, -0.621732, +1.000000, +0.660425, -1.000000, -1.000000, -0.611859, +1.000000, +0.441173, +0.388400, +0.116779, -0.028614, -0.534609, -0.676755, +0.386980, +0.442832, -0.279657, +1.000000, -0.066288]
frame=085 t= 4.250s reward=+0.734907 done=0 raw_action=[-0.400398, -0.065349, -1.000000, -0.737025, +1.000000, +0.590545, -0.170516, -1.000000, +0.162560, +1.000000, -0.842409, +0.427226, -0.615629, +0.376832, -1.000000, -1.000000, +1.000000, +1.000000, +0.474531, +1.000000, -0.371265]
frame=086 t= 4.300s reward=+1.069968 done=0 raw_action=[-0.732334, +0.950175, -0.801094, -0.011848, +1.000000, -0.020641, +1.000000, -1.000000, +0.239716, +1.000000, -1.000000, +0.624729, -0.591349, +0.637555, -1.000000, -1.000000, +1.000000, +0.946205, +1.000000, +1.000000, +0.123359]
frame=087 t= 4.350s reward=+1.000391 done=0 raw_action=[+0.146940, +0.056542, +0.820636, +0.593983, +0.665205, -0.159083, +1.000000, -1.000000, -0.996880, +0.869819, -1.000000, +0.959072, -0.543313, +0.408137, -0.200904, -0.693127, -0.060198, -0.109208, +1.000000, -0.301365, -0.411728]
frame=088 t= 4.400s reward=+1.044333 done=0 raw_action=[+0.067751, -0.580380, +1.000000, +0.591117, +0.559097, +0.215320, +1.000000, +0.515353, +0.115588, +1.000000, -0.069818, +0.925468, -0.405176, +1.000000, +0.215661, +0.437429, -1.000000, +0.137713, +1.000000, -0.851318, -0.384911]
frame=089 t= 4.450s reward=+0.841882 done=0 raw_action=[+0.042342, -0.193796, +1.000000, -0.175954, +0.796924, +0.122290, +1.000000, -0.191970, +1.000000, +0.794192, +0.101396, +0.753098, -0.958723, +0.496001, +0.292901, +0.446650, -0.640282, +0.007194, +0.379830, -0.217489, -0.455701]
frame=090 t= 4.500s reward=+0.866566 done=0 raw_action=[-0.147846, +0.385136, +1.000000, -0.478786, +0.953223, +0.342587, +1.000000, +0.453855, +0.486066, +0.113540, +0.513659, +0.092659, -0.384828, +0.007875, +0.290545, +0.725698, -0.458509, +0.133862, -0.047483, -0.580371, -0.344506]
frame=091 t= 4.550s reward=-0.964000 done=0 raw_action=[-0.406520, +0.710170, +0.159135, -0.577064, +1.000000, -0.100816, +1.000000, +1.000000, +0.289636, -0.408351, +0.159844, -0.422845, +0.150295, +0.340117, +0.101396, +0.126992, -0.486802, -0.228815, +0.205407, -0.641067, -0.426174]
frame=092 t= 4.600s reward=+1.132504 done=0 raw_action=[+0.148703, +0.692033, -1.000000, -1.000000, +1.000000, -0.934809, +1.000000, +0.246644, +0.431155, -0.944385, -0.020071, -0.516490, -0.285214, +0.634108, +0.242306, +0.120296, -0.208452, -0.911234, -0.001240, -0.335084, -0.076749]
frame=093 t= 4.650s reward=+1.137971 done=0 raw_action=[+0.351095, +0.705551, -0.597908, -0.636063, +1.000000, +0.145033, -0.015141, +0.819669, -0.063742, -1.000000, +1.000000, -0.541189, -0.028939, +0.204045, +0.931794, +0.597355, -0.822779, -0.055623, -0.317268, -0.303725, +0.438268]
frame=094 t= 4.700s reward=+1.147497 done=0 raw_action=[+0.304934, +0.581176, -0.162756, -0.602358, +1.000000, -0.435488, -0.038764, +0.700718, +0.144452, -1.000000, +1.000000, -0.471980, +0.231450, -0.571611, +0.972673, +0.490596, -0.405194, -0.172461, -0.016986, +0.154923, +0.402997]
frame=095 t= 4.750s reward=+1.085726 done=0 raw_action=[+0.549745, +1.000000, +0.598669, -0.316365, +1.000000, -0.010739, +0.118682, -0.405787, +0.833738, -1.000000, +1.000000, -1.000000, -0.051457, -0.220829, +0.355577, +0.007680, -0.742760, +0.083326, -0.122297, +0.432659, +0.360908]
frame=096 t= 4.800s reward=+1.021792 done=0 raw_action=[+0.658775, +0.857071, +1.000000, +0.300365, +1.000000, +0.052850, +0.150595, -0.620823, +0.207894, -1.000000, +1.000000, -1.000000, +0.297844, -0.886691, -0.349915, +0.034285, -0.214404, +0.354321, -0.151374, +0.449779, +0.099063]
frame=097 t= 4.850s reward=+1.070668 done=0 raw_action=[+0.484972, -1.000000, +1.000000, +1.000000, +0.782265, +0.254779, -0.165335, +0.175266, -0.245999, -1.000000, +1.000000, -0.612206, +0.102828, -1.000000, -0.100276, -0.105387, -0.249799, +0.532951, -0.031515, +0.620876, -0.012475]
frame=098 t= 4.900s reward=+0.167286 done=0 raw_action=[+0.698924, -1.000000, +1.000000, +1.000000, +0.864419, +0.855276, -0.246208, +0.586964, +0.328747, -1.000000, -0.153223, +0.210896, +0.281715, -0.688000, +0.058311, -0.629193, +0.122467, +0.652292, -0.001325, +0.527696, -0.025954]
frame=099 t= 4.950s reward=+1.026884 done=0 raw_action=[+0.690017, -1.000000, +1.000000, +1.000000, +1.000000, +0.819252, -0.737282, +0.979302, +0.858087, -0.922710, -0.708619, +1.000000, +0.225355, -0.349477, +0.138906, +0.020751, +0.424774, +0.542630, +0.031424, +0.011404, -0.477644]
frame=100 t= 5.000s reward=+1.040537 done=0 raw_action=[+0.252391, -1.000000, +1.000000, +0.382526, +1.000000, +0.895267, -1.000000, +0.856119, +0.147836, -0.727725, -0.614013, +0.882503, -0.005955, -0.520687, +0.284024, +0.523647, +1.000000, -0.134843, +0.307908, -0.376064, -0.827198]
frame=101 t= 5.050s reward=+1.074839 done=0 raw_action=[+0.092976, -0.439353, +0.304914, -0.382233, +1.000000, +0.658039, -0.985572, +0.383780, -1.000000, -0.374353, -0.716138, +0.051597, -0.408923, -0.022045, +0.305128, +0.069820, +0.923162, -0.753691, -0.437252, -0.494977, -0.492816]
frame=102 t= 5.100s reward=+0.454775 done=0 raw_action=[-0.160164, -0.245917, -1.000000, -0.876640, +1.000000, +0.613116, -0.664308, +0.482105, -0.868298, +0.574799, -0.506468, -0.711691, +0.233208, +0.475784, -0.100089, +0.166525, +0.108895, -1.000000, -0.771480, -0.934566, +0.319864]
frame=103 t= 5.150s reward=+1.024728 done=0 raw_action=[-0.028208, -0.207000, -1.000000, -0.994851, +1.000000, +0.704374, -0.828015, -0.201282, -0.999881, +1.000000, +0.098394, -0.698595, +0.443090, +0.082519, -0.390447, -0.215834, -0.529385, -1.000000, -0.690754, -0.625327, +0.828942]
frame=104 t= 5.200s reward=+1.077252 done=0 raw_action=[-0.010019, +0.155198, -1.000000, -1.000000, +1.000000, +0.686072, -1.000000, -0.559444, -1.000000, +1.000000, +0.258483, -0.031756, +0.774906, -0.231093, +0.246397, -0.795930, -0.578116, -0.347964, -0.244500, -0.051484, +0.790324]
frame=105 t= 5.250s reward=+0.711344 done=0 raw_action=[-0.016322, -0.084168, -1.000000, -0.596684, +1.000000, +0.685436, -1.000000, -1.000000, -0.436655, +1.000000, +0.304243, +0.149252, +0.333641, -0.022729, -0.409288, -0.991440, -0.118847, +0.063028, -0.609484, +0.635933, +0.475705]
frame=106 t= 5.300s reward=+0.935505 done=0 raw_action=[-0.648315, -0.265440, -1.000000, -0.646701, +1.000000, +0.374588, -1.000000, -1.000000, +0.069137, +1.000000, -0.278268, +0.034415, +0.397510, -0.069511, -0.845282, -1.000000, +0.593589, +0.782561, -0.573594, +1.000000, -0.277596]
frame=107 t= 5.350s reward=+0.872482 done=0 raw_action=[-0.252906, +0.312535, -1.000000, -0.368065, +1.000000, +0.090330, +0.563610, -1.000000, +0.157308, +1.000000, -1.000000, +0.534493, -0.259596, +0.220598, -1.000000, -1.000000, +1.000000, +0.980304, +0.320199, +1.000000, -0.007861]
frame=108 t= 5.400s reward=+1.063916 done=0 raw_action=[-0.645501, +1.000000, -0.574765, +0.465024, +1.000000, -0.480593, +1.000000, -1.000000, +0.121671, +0.996926, -1.000000, +0.851168, -0.747318, +1.000000, -1.000000, -1.000000, +1.000000, +0.530004, +1.000000, +1.000000, +0.197711]
frame=109 t= 5.450s reward=+0.844322 done=0 raw_action=[-0.026120, -0.192105, +1.000000, +0.838292, +0.444495, -0.172397, +1.000000, -0.841871, -1.000000, +1.000000, -1.000000, +1.000000, -0.572749, +0.618598, -0.328358, -0.921492, -0.246932, -0.017120, +1.000000, -0.448374, -0.133042]
frame=110 t= 5.500s reward=+1.085519 done=0 raw_action=[-0.036638, -0.627494, +1.000000, +0.283148, +0.548852, +0.385721, +1.000000, +0.312981, +0.349445, +0.967098, -0.178682, +0.765446, -0.311486, +0.975334, +0.340649, +0.041577, -1.000000, +0.276322, +1.000000, -0.741803, -0.534826]
frame=111 t= 5.550s reward=+0.894405 done=0 raw_action=[+0.066141, -0.090667, +1.000000, -0.551690, +0.626052, +0.271629, +1.000000, -0.045855, +1.000000, +1.000000, +0.136409, +0.229871, -0.533499, +0.199017, -0.058878, +0.572518, -0.995819, -0.207288, +0.452207, -0.378737, -0.434032]
frame=112 t= 5.600s reward=+0.940382 done=0 raw_action=[-0.058674, +0.344015, +1.000000, -0.464073, +0.906766, +0.157895, +1.000000, +0.278696, +0.635528, +0.043573, +0.170546, +0.209809, -0.173052, +0.240498, +0.173062, +0.619896, -0.409134, +0.116657, -0.113106, -0.432550, -0.577692]
frame=113 t= 5.650s reward=+0.492081 done=0 raw_action=[+0.215490, +0.642848, -0.018464, -0.929689, +0.981699, +0.252204, +1.000000, +0.370691, +0.368206, -0.710190, +0.383231, -0.322293, -0.241950, +0.097874, +0.298789, +0.312612, -0.431648, -0.167750, -0.073647, -0.307803, +0.075143]
frame=114 t= 5.700s reward=+1.140397 done=0 raw_action=[-0.244283, +0.567401, -1.000000, -1.000000, +1.000000, -0.794244, +1.000000, +0.277291, +0.051156, -0.991742, +0.398707, -0.417268, -0.270631, +0.292586, +0.570496, +0.417419, -0.174569, -0.751439, -0.156500, -0.208203, +0.222332]
frame=115 t= 5.750s reward=+1.113843 done=0 raw_action=[+0.248024, +0.944411, -0.732228, -1.000000, +1.000000, +0.049414, -0.045089, +0.614083, +0.278999, -1.000000, +1.000000, -0.612097, +0.080030, +0.367299, +0.609357, +0.316726, -0.680270, -0.332205, +0.150144, -0.259098, +0.446872]
frame=116 t= 5.800s reward=-0.332781 done=0 raw_action=[+0.498528, +0.486714, +0.369637, -0.972996, +1.000000, -0.361711, -0.512750, +0.500973, -0.026061, -1.000000, +1.000000, -0.417203, +0.036900, -0.711892, +1.000000, +0.180663, -0.209491, -0.087535, -0.265272, +0.414564, +0.299612]
frame=117 t= 5.850s reward=+1.096517 done=0 raw_action=[+0.206607, +0.997727, +0.410331, -0.411311, +1.000000, -1.000000, +0.773951, +0.285470, +0.041607, -1.000000, +0.882767, -0.604805, +0.657620, -0.938077, +0.420851, -0.186260, +0.120234, -0.136971, -0.256018, -0.405408, -0.403029]
frame=118 t= 5.900s reward=-1.116287 done=0 raw_action=[+1.000000, +0.029660, +1.000000, +0.862313, +1.000000, -0.691616, +0.524842, -0.049199, +0.268823, -1.000000, +1.000000, -0.951430, +0.472966, -0.335651, +0.287000, -0.064252, -0.189574, +0.033265, +0.088076, +0.580861, -0.023024]
frame=119 t= 5.950s reward=+1.087659 done=0 raw_action=[-0.107221, -1.000000, +1.000000, +0.608251, +0.816581, +1.000000, -0.411985, -0.403602, +1.000000, -0.888844, -0.296363, -0.886349, +0.651983, -0.421220, -0.889852, +0.220113, +0.025112, +0.679445, -0.114112, +0.656635, +0.058618]
frame=120 t= 6.000s reward=+0.967355 done=0 raw_action=[+0.262678, -1.000000, +1.000000, +0.721300, +0.856223, +1.000000, -0.910422, +0.288969, +1.000000, -0.842603, -0.314133, +0.122179, +0.228463, -0.752773, +0.191345, +0.404486, +0.468536, +0.300628, +0.130769, +0.754934, +0.242876]
frame=121 t= 6.050s reward=+1.062080 done=0 raw_action=[+0.209506, -1.000000, +1.000000, +0.402970, +1.000000, +1.000000, -1.000000, +0.454127, -0.098262, -0.693409, -0.199840, +0.447259, -0.077069, -0.855987, +0.106834, +0.364369, +0.630153, +0.330120, -0.192742, -0.245694, -0.190964]
frame=122 t= 6.100s reward=+1.062986 done=0 raw_action=[+0.280733, -1.000000, +1.000000, +0.537305, +1.000000, +0.796313, -1.000000, +0.939246, -0.362814, -0.698461, -0.383979, +0.530208, -0.274371, -0.279401, +0.186133, +0.079193, +0.637916, +0.157988, +0.003577, -0.373917, -0.460055]
frame=123 t= 6.150s reward=+1.011874 done=0 raw_action=[-0.144492, -0.202601, -0.759481, -0.518578, +1.000000, +0.450554, -1.000000, +0.404695, -0.519286, -0.054504, -0.944177, -0.283880, -0.330989, +0.477131, -0.162632, -0.584867, +0.652603, -1.000000, -0.890574, -1.000000, -0.247347]
frame=124 t= 6.200s reward=+0.841344 done=0 raw_action=[-0.271525, -0.034792, -1.000000, -1.000000, +1.000000, +0.715738, -1.000000, +0.089609, -1.000000, +0.920837, -0.365426, -0.391656, +0.112150, -0.050403, +0.152947, -0.454292, +0.164202, -0.825064, -0.486266, -0.245959, +0.957939]
frame=125 t= 6.250s reward=+1.054034 done=0 raw_action=[-0.174594, -0.128830, -1.000000, -1.000000, +1.000000, +0.670528, -1.000000, -0.401382, -1.000000, +1.000000, +0.015792, -0.357136, +0.631643, -0.153251, -0.362842, -0.548532, -0.485827, -0.369173, -0.749776, -0.250093, +1.000000]
frame=126 t= 6.300s reward=+0.984630 done=0 raw_action=[+0.054758, +0.112111, -1.000000, -0.848921, +1.000000, +0.680760, -1.000000, -0.863956, -0.916843, +1.000000, +0.467597, +0.109826, +0.826426, -0.011662, -0.255366, -0.571207, -0.267427, +0.113112, -0.336289, +0.260304, +0.427399]
frame=127 t= 6.350s reward=+0.836786 done=0 raw_action=[-0.472968, -0.210879, -1.000000, -0.386953, +1.000000, +0.206722, -0.975282, -0.935612, -0.195152, +1.000000, -0.279675, +0.370568, +0.063731, +0.050706, -0.978786, -1.000000, +0.378544, +0.240936, -0.568476, +0.780428, -0.540854]
frame=128 t= 6.400s reward=+0.460227 done=0 raw_action=[-0.556630, -0.021997, -1.000000, -0.381355, +1.000000, +0.111319, +0.285720, -1.000000, +0.522739, +1.000000, -1.000000, +0.540231, -0.262563, +0.119004, -1.000000, -1.000000, +1.000000, +0.755138, +0.383523, +1.000000, -0.168940]
frame=129 t= 6.450s reward=+1.072777 done=0 raw_action=[-0.348911, +0.989799, -0.566339, +0.566101, +0.915316, -0.346624, +1.000000, -1.000000, -0.240469, +1.000000, -1.000000, +0.983148, -0.477120, +0.915877, -0.987046, -1.000000, +1.000000, +0.610920, +1.000000, +0.896553, +0.463136]
frame=130 t= 6.500s reward=+1.090634 done=0 raw_action=[-0.024493, -0.256003, +1.000000, +0.712036, +0.520108, +0.064696, +1.000000, -0.281878, -0.809246, +1.000000, -0.856898, +1.000000, -0.664413, +0.791494, -0.019629, -0.579047, -0.478982, +0.584523, +1.000000, -0.295611, -0.172456]
frame=131 t= 6.550s reward=+0.936173 done=0 raw_action=[-0.088222, -0.033290, +1.000000, +0.092509, +0.548862, +0.421931, +1.000000, -0.017545, +0.406317, +1.000000, -0.130498, +0.779761, -0.733230, +0.513410, -0.229466, -0.160821, -1.000000, +0.129476, +1.000000, -0.365040, -0.152949]
frame=132 t= 6.600s reward=+0.784843 done=0 raw_action=[+0.269159, -0.028836, +1.000000, -0.343907, +0.778079, +0.313090, +1.000000, +0.271039, +0.470954, +0.583072, +0.509504, +0.723007, -0.317083, +0.350745, +0.226518, +0.548019, -0.879274, +0.017590, +0.293286, -0.804508, -0.604336]
frame=133 t= 6.650s reward=+0.288801 done=0 raw_action=[-0.271516, -0.073801, +1.000000, -0.641156, +0.983797, +0.048712, +1.000000, +0.803264, +0.710463, +0.239310, +0.145018, +0.044639, -0.008256, +0.457885, +0.433546, +0.551025, -0.510921, -0.168480, +0.234887, -0.773432, -0.751393]
frame=134 t= 6.700s reward=+0.801577 done=0 raw_action=[+0.063275, +0.423342, -0.750280, -1.000000, +1.000000, -0.607274, +1.000000, -0.067701, +0.296974, -0.242253, -0.071123, -0.272792, -0.416504, +0.017874, +0.245373, +0.231370, -0.477994, -0.739489, -0.201585, -0.321306, -0.279979]
frame=135 t= 6.750s reward=+1.116217 done=0 raw_action=[-0.157989, +0.604516, -0.835208, -0.958100, +1.000000, +0.041932, +0.837929, +0.797042, +0.450295, -0.842815, +0.786095, -0.464967, -0.281517, +0.490517, +0.488506, +0.838716, -0.518822, -0.042624, +0.112929, -0.238400, +0.190185]
frame=136 t= 6.800s reward=+1.115250 done=0 raw_action=[+0.528642, +0.594612, -0.476135, -0.893140, +1.000000, -0.157998, +0.204615, +0.540456, -0.376753, -1.000000, +0.905511, -0.427977, -0.153412, -0.081619, +0.782466, +0.330519, -0.438223, -0.061423, -0.097294, +0.049741, +0.298461]
frame=137 t= 6.850s reward=+1.126364 done=0 raw_action=[+0.337450, +0.589158, +0.143967, -1.000000, +1.000000, -0.089772, -0.151400, +0.307083, +0.289387, -1.000000, +1.000000, -0.707797, -0.044723, +0.333282, +0.980308, +0.183226, -0.057406, -0.344479, -0.222416, +0.344593, +0.145763]
frame=138 t= 6.900s reward=-1.373896 done=0 raw_action=[+0.368167, +0.982790, +0.757475, -0.797886, +1.000000, -0.413200, +0.038768, -0.164165, +0.205027, -1.000000, +1.000000, -0.946415, +0.244475, -0.869349, +0.650719, -0.349046, +0.177153, -0.006269, -0.199980, +0.167866, +0.065579]
frame=139 t= 6.950s reward=+1.078511 done=0 raw_action=[+0.021358, +1.000000, +0.112570, -0.871054, +1.000000, -0.663685, +1.000000, -1.000000, +0.432112, -1.000000, +0.291125, -1.000000, +0.110001, -0.765896, -0.592839, -0.447324, +0.624884, +0.100228, -0.515974, -0.267213, -0.380078]
frame=140 t= 7.000s reward=+0.922259 done=0 raw_action=[+0.910395, -0.037266, +1.000000, +0.678096, +1.000000, +0.001781, +0.011536, +0.399875, -0.263583, -1.000000, +1.000000, -0.650131, +0.793153, -0.380294, +0.423456, +0.331150, -0.486509, +0.165537, +0.286369, +0.596977, +0.556506]
frame=141 t= 7.050s reward=-0.032693 done=0 raw_action=[+0.431632, -1.000000, +1.000000, +1.000000, +1.000000, +0.831250, -0.330062, +0.463329, +0.676298, -0.987993, +0.004196, -0.338757, +0.808637, -0.613369, -0.165047, +0.120758, -0.610080, +0.176342, -0.076219, -0.146969, -0.245566]
frame=142 t= 7.100s reward=-0.403173 done=0 raw_action=[+0.682477, -1.000000, +1.000000, +1.000000, +0.998178, +1.000000, -0.790864, +0.605033, +0.996212, -0.925013, -0.576358, +0.387424, +0.211773, -0.707216, -0.053925, +0.036134, -0.303859, +0.433254, -0.355941, +0.417406, +0.139171]
frame=143 t= 7.150s reward=+1.028404 done=0 raw_action=[+0.236592, -1.000000, +1.000000, +0.702754, +1.000000, +0.692663, -1.000000, +1.000000, +0.426612, -0.761465, -0.651064, +0.788809, +0.185892, -0.668361, +0.156501, +0.272671, +0.876683, +0.411139, +0.203236, +0.217725, -0.207786]
frame=144 t= 7.200s reward=+0.592106 done=0 raw_action=[+0.228181, -0.983427, +0.951483, +0.383511, +1.000000, +0.715735, -1.000000, +0.622099, -0.413076, -0.632840, -0.569466, +0.310943, -0.261073, -0.110650, +0.068570, +0.147239, +0.983952, +0.009536, -0.224654, -0.718655, -0.757200]
frame=145 t= 7.250s reward=+1.019757 done=0 raw_action=[-0.533095, -0.393338, -1.000000, -1.000000, +1.000000, +0.882153, -1.000000, +0.556077, -1.000000, +0.605205, -0.687333, -0.559796, -0.076164, +0.120996, -0.202175, -0.119114, +0.992525, -1.000000, -0.381798, -0.251781, +0.253113]
frame=146 t= 7.300s reward=+1.067204 done=0 raw_action=[-0.093636, -0.252582, -1.000000, -1.000000, +1.000000, +1.000000, -1.000000, +0.010141, -1.000000, +1.000000, +0.095650, -0.795424, +0.376880, +0.344206, -0.100578, +0.015858, -0.022332, -1.000000, -0.386847, -0.427984, +0.643830]
frame=147 t= 7.350s reward=+1.075117 done=0 raw_action=[-0.067340, -0.001303, -1.000000, -1.000000, +1.000000, +0.892232, -1.000000, -0.798324, -1.000000, +1.000000, +0.289410, -0.332070, +0.788356, -0.198781, +0.078892, -0.528936, -0.652026, -0.536468, -0.706519, +0.124328, +0.963216]
frame=148 t= 7.400s reward=-0.265634 done=0 raw_action=[+0.312724, +0.260118, -1.000000, -1.000000, +1.000000, +0.752718, -1.000000, -1.000000, -1.000000, +1.000000, +0.812990, +0.192722, +0.569420, -0.189468, -0.230276, -0.857884, -0.518416, +0.036504, -0.762843, +0.203496, +0.231390]
frame=149 t= 7.450s reward=+1.007334 done=0 raw_action=[-0.746597, -0.256998, -1.000000, -0.797699, +1.000000, +0.284164, -0.805074, -1.000000, +0.415651, +1.000000, -0.800653, +0.309332, +0.175107, +0.327766, -1.000000, -1.000000, +0.763126, +0.697076, -0.416711, +1.000000, -0.531317]
frame=150 t= 7.500s reward=+1.062806 done=0 raw_action=[-0.651818, +0.257831, -1.000000, -0.573012, +1.000000, -0.138073, +0.315667, -1.000000, +0.433009, +1.000000, -1.000000, +0.749438, -0.257731, +0.056592, -1.000000, -1.000000, +1.000000, +0.749865, +0.320841, +1.000000, -0.215153]
frame=151 t= 7.550s reward=+1.079054 done=0 raw_action=[-0.177065, +0.724153, -0.129089, +0.284176, +0.889049, -0.191017, +1.000000, -1.000000, -0.343819, +0.948756, -1.000000, +0.970581, -0.915706, +0.921729, -0.883594, -1.000000, +1.000000, +0.408278, +1.000000, +0.980734, +0.481928]
frame=152 t= 7.600s reward=+0.974018 done=0 raw_action=[-0.118314, -0.249611, +0.877258, +0.611819, +0.477211, -0.392592, +1.000000, -0.175509, -0.707490, +1.000000, -1.000000, +1.000000, -0.762400, +0.755120, -0.285788, -0.911366, -0.539574, +0.115784, +1.000000, -0.630592, -0.270859]
frame=153 t= 7.650s reward=+1.005800 done=0 raw_action=[+0.441825, -0.500715, +1.000000, +0.431494, +0.548102, +0.547906, +1.000000, +0.272666, -0.351342, +0.792532, +0.227419, +1.000000, -0.427064, +0.485360, +0.598651, +0.157706, -1.000000, +0.168186, +0.918283, -0.996607, -0.229165]
frame=154 t= 7.700s reward=+0.798700 done=0 raw_action=[-0.098460, -0.242475, +1.000000, -0.589078, +0.846672, +0.181610, +1.000000, +0.346964, +1.000000, +0.876836, +0.199182, +0.502365, -0.482637, +0.466865, +0.476016, +0.632987, -1.000000, -0.172184, +0.281198, -0.808509, -0.508141]
frame=155 t= 7.750s reward=+0.907472 done=0 raw_action=[-0.269281, +0.060941, +1.000000, -0.599278, +1.000000, -0.023754, +1.000000, +0.300212, +1.000000, +0.171027, +0.192695, -0.040267, -0.364510, +0.454803, +0.186293, +0.628145, -0.754980, +0.299657, +0.091166, -0.221132, -0.618177]
frame=156 t= 7.800s reward=+1.068472 done=0 raw_action=[+0.424981, +0.790504, -0.342599, -0.963885, +1.000000, -0.310847, +1.000000, +0.257680, +0.507635, -0.515848, +0.062431, -0.243524, -0.159491, +0.298232, -0.006298, +0.330090, -0.101660, -0.629281, +0.130030, -0.541315, -0.195984]
frame=157 t= 7.850s reward=+1.078930 done=0 raw_action=[-0.068394, +0.743584, -1.000000, -1.000000, +0.926535, -0.514778, +0.876354, +0.464089, +0.009788, -1.000000, +0.541181, -0.255804, -0.156581, +0.003103, +0.743432, +0.445134, +0.015205, -0.233027, -0.092542, -0.102487, +0.131629]
frame=158 t= 7.900s reward=+1.048458 done=0 raw_action=[+0.103597, +0.888372, -0.783482, -0.918809, +0.995552, +0.020659, -0.027717, +0.986051, +0.363868, -1.000000, +0.826827, -0.720279, +0.133751, +0.033741, +0.579923, +0.226218, -0.848456, -0.044564, -0.210296, -0.327952, +0.115293]
frame=159 t= 7.950s reward=+0.722399 done=0 raw_action=[+0.474070, +0.749612, +0.111855, -1.000000, +1.000000, -0.074712, -0.257548, +0.119035, -0.072536, -1.000000, +1.000000, -0.710974, +0.049066, -0.487729, +0.898529, -0.142736, -0.406453, -0.634767, -0.335640, +0.444763, +0.202757]
frame=160 t= 8.000s reward=+1.017205 done=0 raw_action=[+0.158831, +0.988946, +0.422849, -0.813053, +1.000000, -0.948065, +0.309885, -0.235379, +0.179267, -1.000000, +1.000000, -0.771165, +0.317603, -0.410536, +0.781302, -0.184729, +0.307999, +0.056714, -0.234519, +0.173506, +0.236078]
frame=161 t= 8.050s reward=+0.908098 done=0 raw_action=[+1.000000, +0.473271, +1.000000, +0.301304, +1.000000, +0.270050, +0.014206, -0.659796, +0.277508, -1.000000, +1.000000, -1.000000, +0.241288, -0.987411, -0.242953, +0.105299, -0.378202, +0.457022, -0.093744, +0.465980, +0.275183]
frame=162 t= 8.100s reward=+1.025169 done=0 raw_action=[+0.555366, -1.000000, +1.000000, +1.000000, +1.000000, +0.581904, -0.147235, -0.085751, +0.471501, -1.000000, +0.618886, -0.573232, +0.222224, -0.811793, -0.294278, -0.113849, -0.165834, +0.767560, -0.009924, +0.619720, -0.151560]
frame=163 t= 8.150s reward=+0.077216 done=0 raw_action=[+0.277754, -1.000000, +1.000000, +0.834361, +0.943002, +0.770302, -0.310323, +1.000000, +0.482900, -1.000000, -0.470019, +0.362919, +0.824854, -0.406199, -0.041839, +0.189104, +0.290197, +0.033670, +0.063563, +0.250209, -0.206635]
frame=164 t= 8.200s reward=+0.984639 done=0 raw_action=[+0.354226, -1.000000, +1.000000, +0.869016, +1.000000, +0.530207, -0.841884, +1.000000, +0.850285, -0.980689, -1.000000, +1.000000, +0.401202, -0.433232, +0.303620, -0.088081, +0.443667, +0.235460, -0.301299, -0.228823, -0.405546]
frame=165 t= 8.250s reward=+0.987669 done=0 raw_action=[+0.038430, -1.000000, +0.973163, +0.264870, +1.000000, +0.568577, -1.000000, +0.580351, -0.224933, -0.709387, -0.929116, +0.383349, -0.426382, -0.045061, -0.038462, +0.320258, +1.000000, -0.357122, -0.364448, -0.437327, -0.080306]
frame=166 t= 8.300s reward=+0.959364 done=0 raw_action=[-0.635480, -0.550385, -0.157123, -0.420831, +1.000000, +0.580393, -1.000000, +0.723355, -0.857427, -0.016383, -0.801267, -0.232044, -0.186284, -0.036200, -0.227307, -0.015576, +0.840321, -0.626046, -0.312307, -0.505156, +0.001604]
frame=167 t= 8.350s reward=+0.991603 done=0 raw_action=[+0.064295, -0.158268, -1.000000, -1.000000, +1.000000, +0.683454, -1.000000, -0.203795, -1.000000, +1.000000, -0.583127, -0.815125, +0.186534, +0.089938, -0.128292, -0.292268, -0.088976, -1.000000, -0.230245, -0.512362, +1.000000]
frame=168 t= 8.400s reward=+0.549779 done=0 raw_action=[-0.169907, -0.165248, -1.000000, -1.000000, +1.000000, +0.828114, -1.000000, -0.330438, -1.000000, +1.000000, +0.317977, -0.369205, +0.657781, +0.079812, -0.131809, -0.196467, -0.444631, -0.439868, -0.551952, -0.307796, +1.000000]
frame=169 t= 8.450s reward=+0.794964 done=0 raw_action=[+0.288622, +0.169974, -1.000000, -1.000000, +1.000000, +0.593102, -1.000000, -0.700481, -0.966591, +1.000000, +0.723191, -0.078227, +1.000000, -0.185439, -0.276466, -0.531810, -0.437994, -0.176763, -0.318014, +0.259066, +0.386762]
frame=170 t= 8.500s reward=+0.905883 done=0 raw_action=[-0.019624, -0.138842, -1.000000, -0.632619, +1.000000, +0.309814, -1.000000, -1.000000, -0.132040, +1.000000, +0.015937, +0.247107, +0.523761, +0.003431, -0.626561, -1.000000, -0.017861, +0.404646, -0.616605, +0.937368, -0.331599]
frame=171 t= 8.550s reward=+1.031978 done=0 raw_action=[-0.398479, -0.212291, -1.000000, -0.765632, +1.000000, +0.386454, -0.449866, -1.000000, -0.276750, +1.000000, -0.721139, +0.445093, +0.078844, -0.118469, -0.850815, -1.000000, +1.000000, +0.701168, -0.121210, +1.000000, -0.278620]
frame=172 t= 8.600s reward=+1.069014 done=0 raw_action=[-0.633772, +0.854528, -1.000000, -0.244183, +1.000000, +0.209078, +0.991057, -1.000000, +0.423423, +1.000000, -1.000000, +0.336174, -0.581383, +0.477239, -1.000000, -1.000000, +1.000000, +0.580374, +0.900663, +1.000000, +0.137173]
frame=173 t= 8.650s reward=+0.995414 done=0 raw_action=[+0.116280, +0.508555, +0.228601, +0.470037, +0.960632, +0.048866, +1.000000, -1.000000, -0.482947, +0.940845, -1.000000, +0.670534, -0.683209, +0.898686, -0.578541, -1.000000, -0.387802, +0.542703, +1.000000, +0.166174, -0.197692]
frame=174 t= 8.700s reward=+0.953932 done=0 raw_action=[-0.062566, -0.232072, +1.000000, +0.487038, +0.500451, +0.280062, +1.000000, -0.362542, -0.186742, +1.000000, -0.509900, +0.856267, -0.597978, +0.739786, +0.092048, +0.037273, -0.550565, +0.181724, +1.000000, -0.503580, -0.226912]
frame=175 t= 8.750s reward=+0.991082 done=0 raw_action=[-0.010120, -0.055003, +1.000000, -0.081889, +0.545739, +0.348911, +1.000000, +0.362037, +0.815721, +0.995467, +0.362964, +0.866907, -0.498407, +0.738601, +0.090015, +0.761487, -0.569945, +0.241962, +0.669669, -0.812686, -0.390383]
frame=176 t= 8.800s reward=+0.758254 done=0 raw_action=[+0.166443, +0.387994, +1.000000, -0.720835, +0.892689, +0.230305, +1.000000, +0.070106, +0.665800, +0.609002, +0.118081, +0.445005, -0.816087, -0.017396, +0.312638, +0.429026, -0.476815, -0.166277, +0.138661, -0.351541, -0.065834]
frame=177 t= 8.850s reward=+0.968150 done=0 raw_action=[+0.028361, +0.540894, +0.661928, -0.388425, +1.000000, +0.469649, +1.000000, +0.228784, +0.449809, -0.345343, +0.825425, -0.195040, -0.396692, +0.506852, +0.270994, +0.804828, -1.000000, -0.000990, +0.115121, -0.600125, -0.401566]
frame=178 t= 8.900s reward=+0.508642 done=0 raw_action=[-0.338674, +0.643565, -0.797272, -0.979958, +1.000000, -0.601955, +1.000000, +0.485983, +0.301115, -0.940104, +0.179776, -0.057425, -0.751189, +0.423576, +0.445199, +0.293901, -0.016028, -0.543394, +0.256939, -0.262159, +0.125143]
frame=179 t= 8.950s reward=+1.000084 done=0 raw_action=[+0.212498, +0.745417, -0.974750, -1.000000, +1.000000, -0.385988, +0.656870, +0.423003, -0.022445, -1.000000, +0.628980, -0.277259, -0.633381, +0.085423, +0.601701, +0.294065, -0.218565, -0.339951, -0.090469, -0.213589, +0.541568]
frame=180 t= 9.000s reward=+1.066526 done=0 raw_action=[+0.248148, +0.475449, +0.208868, -0.497318, +1.000000, +0.069468, -0.380411, +0.552227, -0.090962, -1.000000, +1.000000, -0.524497, -0.052582, -0.293855, +0.845781, +0.309142, -0.914177, +0.446185, +0.098914, +0.026700, +0.638837]
frame=181 t= 9.050s reward=+0.296710 done=0 raw_action=[+0.054574, +0.595287, +0.318747, -0.545094, +1.000000, -0.803457, +0.042246, +0.453892, +0.298381, -1.000000, +0.677808, -0.606875, +0.341900, -0.548083, +0.549873, -0.180554, -0.269060, -0.466396, -0.132311, -0.145740, -0.285173]
frame=182 t= 9.100s reward=+0.954337 done=0 raw_action=[+0.637718, +0.428533, +1.000000, +0.243353, +1.000000, -0.803236, +0.602927, -0.057037, +0.249486, -1.000000, +1.000000, -0.765819, +0.572975, -0.497492, +0.205733, -0.051237, -0.185333, -0.104184, +0.049865, +0.223430, -0.489014]
frame=183 t= 9.150s reward=+1.019052 done=0 raw_action=[+0.532177, -0.404623, +1.000000, +1.000000, +1.000000, +0.548710, -0.135576, +0.327510, +0.033263, -1.000000, +0.523965, -0.619641, +0.262645, -1.000000, +0.007589, -0.192769, -0.440324, +0.185154, -0.238163, +0.295635, +0.008319]
frame=184 t= 9.200s reward=+1.010655 done=0 raw_action=[+0.323288, -1.000000, +1.000000, +1.000000, +0.928019, +1.000000, -1.000000, +0.340491, +0.933568, -0.917787, -0.021666, -0.222694, +0.483666, -0.797853, -0.056159, -0.054847, -0.217185, +0.950565, -0.237737, +0.477311, -0.249977]
frame=185 t= 9.250s reward=-0.541560 done=0 raw_action=[+0.110264, -1.000000, +1.000000, +0.250731, +1.000000, +1.000000, -1.000000, +0.170316, +0.333678, -0.796332, -0.318932, +0.438831, +0.233956, -0.454969, +0.132764, -0.024298, +1.000000, +0.178790, +0.005203, +0.184310, -0.142458]
frame=186 t= 9.300s reward=+0.976880 done=0 raw_action=[-0.286216, -0.929093, -0.032109, -0.577057, +1.000000, +0.426707, -1.000000, +0.555825, +0.003735, -0.365520, -0.722004, +0.053118, +0.001574, +0.366026, -0.312523, -0.120968, +1.000000, -0.570279, -0.750514, -0.595154, -0.335315]
frame=187 t= 9.350s reward=+0.047857 done=0 raw_action=[-0.063450, -0.644510, -0.528438, -0.100292, +1.000000, +0.422546, -1.000000, +0.803781, -0.797677, +0.174377, -0.662265, -0.105725, +0.223324, -0.418523, +0.158945, +0.079514, +0.537384, -0.720198, -0.208631, -0.234342, +0.381933]
frame=188 t= 9.400s reward=+0.958823 done=0 raw_action=[-0.128901, -0.508035, -1.000000, -0.673331, +1.000000, +0.353884, -0.948604, +0.482827, -0.745289, +0.851609, -0.360386, -0.481189, +0.586565, -0.010068, -0.248755, -0.038747, -0.287306, -0.701527, -0.614347, -0.623385, +0.264629]
frame=189 t= 9.450s reward=+0.958477 done=0 raw_action=[+0.273798, -0.096305, -1.000000, -0.713199, +1.000000, +0.724228, -0.817267, -0.222448, -1.000000, +0.890001, +0.360986, -0.110556, +0.657738, -0.153205, +0.153790, -0.173386, -0.483431, -0.369967, -0.272893, +0.002555, +0.614314]
frame=190 t= 9.500s reward=+0.913271 done=0 raw_action=[-0.357273, -0.191983, -1.000000, -0.479488, +1.000000, +0.410513, -0.991100, -0.739073, -0.544686, +1.000000, -0.264581, -0.080919, +0.592952, +0.146058, -0.397795, -0.802878, -0.070967, +0.048204, -0.732978, +0.295759, +0.242856]
frame=191 t= 9.550s reward=+0.876013 done=0 raw_action=[-0.322004, +0.176986, -1.000000, -0.638614, +1.000000, +0.332088, -0.602049, -1.000000, -0.347340, +0.954148, -0.649042, +0.378262, +0.427435, +0.092552, -0.657107, -1.000000, +0.614240, +0.330216, -0.311528, +1.000000, +0.058408]
frame=192 t= 9.600s reward=+1.013608 done=0 raw_action=[+0.224001, +0.061616, -1.000000, -0.548087, +1.000000, +0.446523, -0.062692, -1.000000, -0.835729, +0.832403, -0.586907, +0.344333, -0.071675, +0.106813, -0.731853, -0.988714, +0.456184, +0.523804, -0.131187, +1.000000, +0.105779]
frame=193 t= 9.650s reward=+1.052426 done=0 raw_action=[-0.431439, +0.447717, -0.671519, -0.076114, +1.000000, +0.177956, +0.836753, -1.000000, +0.575563, +1.000000, -0.974253, +0.186610, -0.086711, +0.728133, -1.000000, -0.746559, +0.529000, +0.874777, +0.829287, +0.793890, -0.200759]
frame=194 t= 9.700s reward=+1.042182 done=0 raw_action=[+0.481991, +0.195374, +0.672553, +0.234913, +0.743617, +0.054601, +1.000000, -1.000000, -0.327421, +0.959254, -0.555730, +0.351435, -0.472332, +0.251220, -0.333913, -0.243382, -0.742514, -0.209232, +0.639665, -0.388886, -0.065162]
frame=195 t= 9.750s reward=+0.907787 done=0 raw_action=[-0.291417, +0.100440, +1.000000, +0.400564, +0.746698, +0.373800, +1.000000, -0.555747, +0.620112, +1.000000, -0.026467, +0.402356, -0.292206, +0.763890, +0.040016, +0.431800, -0.745227, +0.459862, +0.804472, -0.471127, -0.431153]
frame=196 t= 9.800s reward=-1.370179 done=0 raw_action=[+0.087836, +0.363226, +1.000000, -0.359855, +1.000000, +0.693264, +1.000000, -0.239948, +1.000000, +0.418545, +0.542621, +0.428700, -0.749272, +0.810632, +0.297219, +0.844266, -0.284044, +0.007153, +0.531514, +0.035679, -0.714596]
frame=197 t= 9.850s reward=+0.942894 done=0 raw_action=[-0.645557, +1.000000, +0.145735, -0.737053, +1.000000, +0.125537, +1.000000, +0.185607, +1.000000, +0.384989, -0.278716, -0.072630, -0.422758, +0.981212, -0.220300, +0.546961, +0.041844, -0.353125, +0.559808, -0.526544, -0.596799]
frame=198 t= 9.900s reward=+0.012961 done=0 raw_action=[+0.307886, +0.923848, -0.012050, -0.860414, +1.000000, +0.079901, +1.000000, +0.406606, +0.091636, -1.000000, +0.856468, +0.268144, -0.876559, +0.282605, +0.512481, +0.872049, -0.429661, -0.316892, -0.057225, -0.435763, +0.029283]
frame=199 t= 9.950s reward=+1.002332 done=0 raw_action=[-0.064211, +0.678283, -0.421740, -0.673374, +1.000000, -0.857654, +1.000000, +0.992755, +0.052469, -1.000000, +0.724347, +0.112993, -0.740540, -0.011918, +0.675279, +0.625330, -0.793020, -0.177270, +0.127231, -0.741420, +0.549989]
frame=200 t=10.000s reward=+1.077476 done=0 raw_action=[+0.416651, +0.325923, +0.324357, -0.691136, +1.000000, -0.684844, +0.242026, +0.707116, +0.094233, -1.000000, +1.000000, -0.111153, -0.643236, -0.385343, +1.000000, +0.070502, -0.722031, -0.146323, +0.263311, +0.144514, +0.640404]
frame=201 t=10.050s reward=+0.740223 done=0 raw_action=[+0.077225, +0.456552, +0.600675, +0.016133, +1.000000, -0.802510, +0.587496, +0.219914, +0.090407, -1.000000, +0.699334, -0.476968, -0.084900, -0.457233, +0.843747, -0.426666, -0.531798, +0.426293, +0.221241, -0.205284, +0.209294]
frame=202 t=10.100s reward=+1.015992 done=0 raw_action=[-0.030220, +0.514166, +0.747545, +0.424380, +1.000000, -0.557069, +0.481755, +0.515098, +0.368470, -1.000000, +0.706593, -0.758504, +0.309051, -0.200989, +0.270986, +0.047779, -0.375912, -0.079049, +0.056631, -0.565733, +0.060581]
frame=203 t=10.150s reward=+0.876023 done=0 raw_action=[+0.806952, -0.641894, +1.000000, +0.866518, +1.000000, +1.000000, -0.427306, -0.185013, +0.286521, -1.000000, +1.000000, -0.962029, +0.020344, -1.000000, -0.151541, +0.034633, -0.762570, +0.395964, +0.007252, +0.927634, +0.237830]
frame=204 t=10.200s reward=+0.965189 done=0 raw_action=[+0.545701, -1.000000, +1.000000, +0.843779, +0.864129, +1.000000, -1.000000, +0.686218, +0.822559, -1.000000, +0.001155, -0.053122, +0.458459, -1.000000, -0.142502, -0.384016, -0.139520, +0.721810, -0.212322, +0.707124, -0.348153]
frame=205 t=10.250s reward=+1.011382 done=0 raw_action=[+0.177089, -1.000000, +1.000000, +0.232122, +1.000000, +0.977783, -1.000000, +0.838650, +0.310407, -0.893827, -0.696337, +0.807568, +0.504702, -0.588043, +0.100224, -0.214058, +1.000000, +0.090552, -0.526216, -0.051955, -0.451195]
frame=206 t=10.300s reward=+1.009184 done=0 raw_action=[+0.265501, -1.000000, +1.000000, +0.248032, +1.000000, +0.627078, -1.000000, +0.791920, -0.373961, -0.781845, -0.541787, +0.759485, +0.040697, -0.489346, +0.138973, -0.093224, +0.858723, +0.019841, -0.456481, -0.561879, -0.604049]
frame=207 t=10.350s reward=+0.982450 done=0 raw_action=[-0.266778, -0.867247, -0.605402, -0.768546, +1.000000, +0.486853, -1.000000, +0.727092, -0.702356, +0.076471, -0.616741, -0.250119, +0.018781, +0.226939, -0.005529, +0.008439, +0.845261, -0.969400, -0.319952, -0.284147, -0.052659]
frame=208 t=10.400s reward=+0.973134 done=0 raw_action=[-0.154587, -0.592129, -1.000000, -0.832944, +1.000000, +0.688569, -1.000000, +0.143957, -1.000000, +0.718654, -0.272489, -0.678348, +0.107163, +0.185618, -0.153273, -0.288025, +0.040110, -0.937759, -0.570345, -0.378878, +0.320985]
frame=209 t=10.450s reward=+1.017986 done=0 raw_action=[+0.282207, -0.426336, -1.000000, -0.587677, +1.000000, +0.672411, -0.999171, -0.690169, -1.000000, +1.000000, +0.164710, -0.628424, +0.722597, -0.318374, -0.075488, -0.208032, -0.593633, -0.484513, -0.867457, -0.174127, +1.000000]
frame=210 t=10.500s reward=+1.019500 done=0 raw_action=[+0.147659, +0.272874, -1.000000, -0.785797, +1.000000, +0.289253, -1.000000, -0.742321, -1.000000, +1.000000, +0.249575, +0.171597, +1.000000, -0.308907, -0.123188, -0.477122, -0.291483, -0.078694, -0.757236, -0.073979, +0.438308]
frame=211 t=10.550s reward=+0.787952 done=0 raw_action=[-0.069386, +0.211699, -1.000000, -0.781430, +1.000000, +0.115494, -0.853700, -1.000000, -0.456006, +1.000000, -0.332610, +0.138696, +0.738618, +0.043725, -0.426159, -1.000000, +0.112018, +0.189402, -0.670454, +0.787098, -0.289833]
frame=212 t=10.600s reward=+0.968267 done=0 raw_action=[-0.433144, -0.119453, -1.000000, -0.595844, +1.000000, +0.214340, -0.341116, -1.000000, +0.027839, +1.000000, -0.935618, +0.141009, +0.360497, +0.499634, -1.000000, -1.000000, +0.688807, +0.592944, -0.289785, +1.000000, -0.850247]
frame=213 t=10.650s reward=+1.073084 done=0 raw_action=[-0.310240, +0.634378, -0.911363, -0.131145, +1.000000, +0.062339, +1.000000, -1.000000, -0.114704, +0.853543, -1.000000, +0.538556, -0.388904, +0.494037, -0.906864, -1.000000, +1.000000, +0.558121, +0.503984, +1.000000, +0.245528]
frame=214 t=10.700s reward=+1.021107 done=0 raw_action=[-0.361465, +0.601272, +0.384390, +0.970800, +0.873832, +0.011612, +1.000000, -1.000000, -0.173833, +0.894789, -1.000000, +0.526245, -0.528792, +0.948641, -0.682302, -1.000000, -0.199894, +0.351888, +1.000000, +0.361000, +0.316540]
frame=215 t=10.750s reward=+0.943891 done=0 raw_action=[-0.278893, -0.070878, +1.000000, +0.485365, +0.681279, -0.280113, +1.000000, +0.199876, +0.050478, +1.000000, -0.878434, +0.867462, -0.280415, +0.221031, -0.244337, +0.052103, -0.697977, +0.283478, +1.000000, -1.000000, -0.553359]
frame=216 t=10.800s reward=+1.006261 done=0 raw_action=[+0.095802, -0.233006, +1.000000, -0.085998, +0.777984, +0.773979, +1.000000, +0.058468, +0.940130, +0.659141, +0.645448, +0.410523, -0.634387, +0.670192, +0.450972, +1.000000, -1.000000, -0.249515, +1.000000, -0.462727, -0.339553]
frame=217 t=10.850s reward=+0.943842 done=0 raw_action=[-0.021111, +0.409015, +1.000000, -0.653676, +1.000000, +0.480180, +1.000000, -0.395431, +1.000000, +0.073290, +0.147392, +0.056521, -0.866692, +0.528085, +0.211257, +0.315059, -0.477377, +0.227542, +0.512157, -0.247673, -0.551181]
frame=218 t=10.900s reward=-1.458167 done=0 raw_action=[-0.255427, +0.706857, +0.314081, -1.000000, +0.978050, +0.113304, +1.000000, +0.259499, +0.421344, -0.212250, +0.349696, +0.037827, -0.343506, +0.628507, +0.194825, +0.649022, -0.021271, -0.007787, +0.021602, -0.477315, -0.238689]
frame=219 t=10.950s reward=+1.011120 done=0 raw_action=[-0.242640, +0.750917, -1.000000, -0.987227, +0.904766, -1.000000, +1.000000, +0.756153, +0.267433, -0.341613, -0.575846, +0.014874, -0.350557, +0.129876, +0.074946, +0.278486, +0.039442, -0.433316, -0.048815, -0.651578, +0.250958]
frame=220 t=11.000s reward=+0.805372 done=0 raw_action=[+0.561519, +0.230813, -0.098490, -0.394579, +1.000000, +0.306355, +0.267172, +0.473687, -0.316279, -1.000000, +1.000000, -0.340895, -0.419245, +0.016382, +0.793270, +0.589250, -1.000000, -0.175522, +0.087547, +0.210706, +0.462109]
frame=221 t=11.050s reward=+1.069312 done=0 raw_action=[-0.147758, +0.569061, -0.315410, -0.801315, +1.000000, -0.734529, +0.728936, +0.656075, +0.233145, -1.000000, +0.776936, -0.235616, -0.036156, +0.189989, +0.767075, +0.361071, -0.511502, +0.124944, +0.289528, -0.394763, +0.205439]
frame=222 t=11.100s reward=+1.041022 done=0 raw_action=[+0.684071, +0.469957, +0.893281, -0.318296, +1.000000, -0.325408, +0.094347, -0.195558, -0.105212, -1.000000, +1.000000, -0.585738, -0.258587, -0.327015, +0.784479, +0.047335, -0.620593, -0.031378, +0.047595, +0.137774, +0.467839]
frame=223 t=11.150s reward=+1.062837 done=0 raw_action=[+0.352258, +0.453075, +1.000000, +0.113926, +1.000000, -0.552964, +0.484014, -0.212612, +0.422655, -1.000000, +1.000000, -1.000000, -0.084361, -0.763065, +0.191406, +0.044220, -0.333377, -0.330028, +0.317354, +0.383961, -0.091149]
frame=224 t=11.200s reward=+1.014772 done=0 raw_action=[+0.811117, +0.127810, +1.000000, +1.000000, +1.000000, +0.378207, +0.103287, -0.251586, -0.168079, -1.000000, +1.000000, -0.925797, -0.130629, -1.000000, +0.172015, -0.172600, -0.634931, +0.619307, -0.050647, +0.585477, +0.305130]
frame=225 t=11.250s reward=+1.030222 done=0 raw_action=[+0.811937, -1.000000, +1.000000, +1.000000, +1.000000, +0.791843, -0.477459, +1.000000, +0.385437, -1.000000, +0.378386, +0.109262, +0.319829, -1.000000, +0.099590, -0.347695, -0.633857, +0.444435, -0.081877, +0.444525, -0.068217]
frame=226 t=11.300s reward=+0.996197 done=0 raw_action=[+0.539254, -1.000000, +1.000000, +1.000000, +1.000000, +1.000000, -1.000000, +1.000000, +1.000000, -1.000000, -0.451991, +0.594989, +0.349313, -0.717610, +0.108151, -0.193695, -0.012337, +0.489038, -0.189047, +0.208964, -0.573964]
frame=227 t=11.350s reward=+0.924431 done=0 raw_action=[+0.338273, -1.000000, +1.000000, +0.843536, +1.000000, +0.542594, -1.000000, +1.000000, +0.756624, -0.881342, -0.835083, +1.000000, +0.183345, -0.737692, +0.404578, -0.059230, +0.855793, +0.141296, -0.112188, -0.289288, -0.906405]
frame=228 t=11.400s reward=+0.977417 done=0 raw_action=[-0.399300, -0.950775, -0.304862, -0.859853, +1.000000, +0.663717, -1.000000, +0.577103, -0.592887, -0.146892, -0.600389, -0.622839, -0.220239, +0.384458, -0.149674, +0.126833, +1.000000, -0.640871, -0.487807, -0.154511, -0.284592]
frame=229 t=11.450s reward=+0.750402 done=0 raw_action=[-0.191878, -0.514279, -1.000000, -0.819463, +1.000000, +0.842199, -1.000000, +0.212110, -1.000000, +0.598209, -0.203051, -1.000000, +0.450685, +0.415885, -0.282400, +0.155215, +0.726318, -0.796793, -0.806238, -0.674518, +0.316466]
frame=230 t=11.500s reward=+1.035891 done=0 raw_action=[+0.240908, -0.127794, -1.000000, -1.000000, +1.000000, +0.519787, -1.000000, -0.091226, -1.000000, +1.000000, -0.196641, -0.555837, +1.000000, -0.271708, -0.140535, -0.365780, -0.151524, -0.811360, -0.975958, -0.569593, +0.886886]
frame=231 t=11.550s reward=+1.035873 done=0 raw_action=[+0.038094, -0.067267, -1.000000, -1.000000, +1.000000, +0.349323, -1.000000, -0.558934, -1.000000, +1.000000, -0.213547, +0.075942, +1.000000, -0.290894, +0.009573, -0.627118, -0.243508, -0.401965, -0.679217, +0.120964, +0.877822]
frame=232 t=11.600s reward=+0.648527 done=0 raw_action=[-0.283408, +0.186962, -1.000000, -0.432511, +1.000000, +0.287097, -1.000000, -1.000000, -0.821562, +1.000000, -0.090639, +0.251549, +0.782426, +0.086400, -0.776499, -0.801586, -0.246143, +0.188283, -0.855900, +0.015197, +0.168897]
frame=233 t=11.650s reward=+0.947491 done=0 raw_action=[-0.146883, -0.109998, -1.000000, -0.386953, +1.000000, +0.064206, -0.773265, -1.000000, -0.193993, +1.000000, -0.612257, +0.338674, +0.180904, +0.049232, -0.935939, -1.000000, +0.330585, +0.084917, -0.269046, +1.000000, -0.328046]
frame=234 t=11.700s reward=+1.061734 done=0 raw_action=[-0.479962, +0.419230, -1.000000, -0.173876, +1.000000, -0.012554, +0.678722, -1.000000, +0.132372, +0.976270, -1.000000, +0.631316, -0.308034, +0.576347, -0.932645, -1.000000, +1.000000, +0.766058, +0.618110, +1.000000, -0.196630]
frame=235 t=11.750s reward=+1.072800 done=0 raw_action=[-0.327611, +0.372456, +0.246777, +0.858611, +0.860342, -0.145800, +1.000000, -1.000000, -0.257083, +0.850247, -1.000000, +0.661202, -0.420182, +0.856303, -0.508009, -0.876618, +0.191012, +0.308710, +1.000000, +0.454690, +0.084966]
frame=236 t=11.800s reward=+1.055008 done=0 raw_action=[+0.181859, -0.174412, +1.000000, +0.384106, +0.488635, +0.370111, +1.000000, -0.505362, -0.062220, +0.972895, -0.281478, +0.722701, -0.457702, +0.836412, -0.016441, +0.047727, -0.883824, +0.146429, +1.000000, -0.376162, -0.000752]
frame=237 t=11.850s reward=+0.736805 done=0 raw_action=[-0.411580, -0.151068, +1.000000, -0.159038, +0.609177, +0.199310, +1.000000, +0.834851, +1.000000, +0.862559, +0.041498, +0.829468, -0.215655, +0.507583, +0.058838, +0.738934, -0.251897, +0.483938, +0.819462, -0.714763, -0.765643]
frame=238 t=11.900s reward=+0.833926 done=0 raw_action=[+0.567085, -0.083324, +1.000000, -0.786107, +0.970004, +0.203760, +1.000000, +0.236566, +0.488956, +0.146774, +0.709501, +0.546370, -0.577779, +0.130640, +0.620418, +0.869227, -0.607604, -0.680910, +0.189625, -0.279281, -0.583704]
frame=239 t=11.950s reward=-0.268136 done=0 raw_action=[+0.088938, +0.565855, +0.467358, -0.832725, +1.000000, +0.160873, +1.000000, +0.017501, +1.000000, -0.189249, +0.241787, -0.050642, -0.604608, +0.844581, +0.199084, +0.358447, -0.731722, +0.281384, -0.211213, -0.417742, +0.020164]
frame=240 t=12.000s reward=+1.032269 done=0 raw_action=[-0.408150, +1.000000, -0.951321, -0.779987, +1.000000, -0.954251, +1.000000, +0.432315, +0.089697, -0.799703, -0.406246, -0.192139, -0.221255, -0.267007, -0.043624, +0.128008, -0.306489, +0.015987, +0.043084, -0.649980, +0.011745]
frame=241 t=12.050s reward=+1.027845 done=0 raw_action=[+0.323083, +0.587115, -0.260312, -0.561229, +1.000000, +0.203849, +0.434070, +0.660611, -0.325004, -1.000000, +0.785635, -0.354031, -0.194127, +0.160427, +0.661758, +0.470766, -0.569935, -0.366324, +0.194641, -0.203151, +0.311287]
frame=242 t=12.100s reward=+0.887412 done=0 raw_action=[+0.138269, +0.498583, +0.111084, -0.734806, +1.000000, +0.234438, +0.098099, -0.295843, -0.008129, -1.000000, +1.000000, -0.816194, -0.257352, +0.101166, +0.948690, +0.265773, -0.574753, +0.104906, +0.055682, +0.422285, +0.296186]
frame=243 t=12.150s reward=+1.015467 done=0 raw_action=[-0.039063, +0.852877, -0.016621, -0.905785, +1.000000, -1.000000, +0.525825, +0.405827, +0.104772, -1.000000, +0.879038, -0.405035, +0.043963, -0.353387, +0.874199, -0.159886, +0.128859, -0.758053, -0.114107, -0.296453, +0.146570]
frame=244 t=12.200s reward=+1.065568 done=0 raw_action=[+0.634735, +0.373556, +1.000000, +0.239325, +1.000000, -0.517079, -0.263850, +0.561625, -0.012351, -1.000000, +1.000000, -0.463973, +0.105796, -0.707973, +0.641091, -0.123266, -0.198558, +0.193871, +0.154979, +0.382886, +0.357716]
frame=245 t=12.250s reward=+1.032162 done=0 raw_action=[+1.000000, -0.070157, +1.000000, +1.000000, +1.000000, +0.044445, +0.429600, +0.026128, +0.227293, -1.000000, +1.000000, -0.793553, +0.181314, -0.799730, -0.211143, -0.064700, -0.792466, +0.313898, -0.288846, -0.173931, +0.090043]
frame=246 t=12.300s reward=-0.555525 done=0 raw_action=[+0.717651, -1.000000, +1.000000, +1.000000, +1.000000, +0.836462, -0.819683, +1.000000, +1.000000, -0.954706, -0.435251, -0.122033, +0.817004, -0.886336, -0.086084, -0.208190, -0.487263, +0.605664, +0.226838, +0.231062, -0.614005]
frame=247 t=12.350s reward=+1.020234 done=0 raw_action=[+0.502557, -1.000000, +1.000000, +1.000000, +1.000000, +1.000000, -0.927564, +0.706402, +1.000000, -0.660513, -0.973676, +0.452190, +0.812559, -0.315437, +0.054178, +0.027332, +0.258024, +0.012650, -0.335313, -0.032276, -0.023897]
frame=248 t=12.400s reward=+0.950495 done=0 raw_action=[+0.352091, -1.000000, +1.000000, +0.551215, +1.000000, +0.873440, -1.000000, +0.475594, -0.139801, -0.664423, -0.401329, +0.741224, -0.111935, -0.693198, +0.080854, +0.317066, +0.958086, +0.043448, -0.328530, +0.071658, -0.291720]
frame=249 t=12.450s reward=+0.612658 done=0 raw_action=[-0.350609, -0.811410, -0.231012, -0.822277, +1.000000, +0.630511, -1.000000, +0.209964, -0.500227, +0.011318, -0.729567, -0.436629, -0.322105, +0.169800, -0.315387, -0.170517, +1.000000, -0.681948, -0.470801, -0.213043, -0.099558]
frame=250 t=12.500s reward=+0.716210 done=0 raw_action=[-0.445673, -0.515334, -1.000000, -1.000000, +1.000000, +0.846397, -1.000000, +0.093632, -1.000000, +0.843417, -0.293618, -0.787998, +0.167574, +0.129358, -0.316371, -0.129109, +0.592143, -0.756639, -0.250330, -0.193337, +0.501905]
frame=251 t=12.550s reward=+0.456907 done=0 raw_action=[+0.291084, -0.106049, -1.000000, -1.000000, +1.000000, +0.751700, -1.000000, -0.759340, -1.000000, +1.000000, +0.133622, -0.501208, +0.900798, +0.008010, -0.024793, -0.407091, -0.446084, -0.505219, -0.684373, -0.378902, +0.869241]
frame=252 t=12.600s reward=+1.014591 done=0 raw_action=[-0.041865, -0.042314, -1.000000, -1.000000, +1.000000, +0.534317, -0.903588, -0.741606, -1.000000, +1.000000, +0.462277, -0.086432, +0.807519, -0.199635, -0.203458, -0.585167, -0.473060, -0.237505, -0.808389, +0.476782, +0.723359]
frame=253 t=12.650s reward=+0.537141 done=0 raw_action=[+0.212817, +0.422087, -1.000000, -0.823732, +1.000000, +0.323189, -1.000000, -1.000000, -0.314349, +1.000000, -0.023510, +0.258968, +0.607759, -0.198824, -0.860843, -1.000000, -0.186727, +0.340204, -0.943753, +0.574179, -0.170054]
frame=254 t=12.700s reward=+0.967704 done=0 raw_action=[-0.340868, -0.074361, -1.000000, -0.812155, +1.000000, +0.188442, -0.261720, -1.000000, +0.073382, +1.000000, -1.000000, +0.583754, -0.154757, +0.240524, -1.000000, -1.000000, +1.000000, +0.948744, +0.137452, +1.000000, -0.311771]
frame=255 t=12.750s reward=+1.063092 done=0 raw_action=[-0.408392, +0.703658, -0.827568, -0.023107, +1.000000, +0.075630, +1.000000, -1.000000, +0.161752, +1.000000, -1.000000, +0.493079, -0.675829, +0.681964, -1.000000, -1.000000, +1.000000, +0.379700, +0.906286, +1.000000, -0.121019]
frame=256 t=12.800s reward=+1.075257 done=0 raw_action=[-0.453992, +0.390782, +0.726231, +0.800426, +0.682302, -0.167513, +1.000000, -0.526212, -0.742796, +0.952048, -1.000000, +1.000000, -0.357799, +0.607465, -0.571483, -0.759974, +0.011233, +0.032036, +1.000000, -0.465002, -0.009333]
frame=257 t=12.850s reward=+0.925049 done=0 raw_action=[+0.009660, +0.029063, +1.000000, +0.620292, +0.645386, +0.391718, +1.000000, -0.197289, -0.145728, +0.915395, -0.528022, +0.897669, -0.748446, +0.772996, -0.071502, -0.382587, -1.000000, +0.203683, +1.000000, -0.424773, +0.173261]
frame=258 t=12.900s reward=+0.898564 done=0 raw_action=[+0.088383, -0.366715, +1.000000, -0.015566, +0.755766, +0.345546, +1.000000, +0.452724, +0.639404, +0.638031, +0.489555, +0.994563, -0.645100, +0.608799, +0.342350, +0.812761, -1.000000, +0.569489, +0.958726, -0.797538, -0.541870]
frame=259 t=12.950s reward=-0.302499 done=0 raw_action=[-0.429261, +0.035435, +1.000000, -0.925341, +1.000000, +0.156639, +1.000000, +0.429086, +0.803927, +0.144267, +0.564287, +0.206812, -0.684558, +0.109347, +0.300176, +0.727088, -0.649161, -0.155833, -0.011413, -0.648304, -0.807623]
frame=260 t=13.000s reward=+1.097904 done=0 raw_action=[+0.197884, +0.502601, -0.525460, -1.000000, +1.000000, -0.513032, +1.000000, +0.081692, +0.671708, -0.019001, -0.228224, -0.153237, -0.597544, +0.296777, +0.237740, +0.101320, -0.230072, -0.784120, +0.061339, -0.250556, -0.112475]
frame=261 t=13.050s reward=+0.998771 done=0 raw_action=[-0.161990, +0.516222, -0.540093, -0.623257, +1.000000, +0.109363, +0.884046, +0.527562, +0.110871, -0.902122, +0.818505, -0.339991, -0.195119, +0.267189, +0.382868, +0.730838, -0.526213, +0.350254, +0.376868, -0.142646, -0.000619]
frame=262 t=13.100s reward=+0.627383 done=0 raw_action=[+0.577953, +0.402753, -0.185663, -0.815332, +1.000000, +0.014284, +0.137938, +0.292277, -0.094094, -1.000000, +1.000000, -0.398378, -0.399422, +0.414418, +0.676675, +0.518511, -0.729577, -0.384078, -0.114774, +0.062606, +0.234019]
frame=263 t=13.150s reward=+1.102595 done=0 raw_action=[-0.194811, +0.615961, -0.352067, -0.841440, +1.000000, -1.000000, +0.463993, +0.871585, +0.248197, -1.000000, +0.323516, -0.098630, -0.018457, -0.243315, +0.989575, -0.054355, +0.004914, -0.186450, +0.020554, -0.177088, +0.094294]
frame=264 t=13.200s reward=-0.708998 done=0 raw_action=[+0.523791, +0.671691, +0.501401, -0.429672, +1.000000, -0.276975, +0.011639, +0.279015, +0.189182, -1.000000, +1.000000, -0.665742, -0.047265, -0.387773, +0.680529, -0.071684, -0.450156, +0.074059, -0.090937, +0.192958, +0.084792]
frame=265 t=13.250s reward=+1.029549 done=0 raw_action=[+0.073246, +0.990691, +0.274693, +0.092768, +1.000000, -1.000000, +0.769698, +0.431689, +0.321830, -1.000000, +0.496936, -0.796280, +0.620650, -0.529592, +0.307299, -0.123983, -0.020137, -0.327302, -0.008506, -0.398967, -0.302004]
frame=266 t=13.300s reward=+1.061896 done=0 raw_action=[+1.000000, -0.303004, +1.000000, +1.000000, +1.000000, +1.000000, -0.489381, -0.824590, +0.177158, -1.000000, +1.000000, -1.000000, +0.010604, -0.888257, -0.069828, +0.392368, -1.000000, +0.222403, -0.437497, +0.836610, +0.491423]
frame=267 t=13.350s reward=+0.946121 done=0 raw_action=[+0.312650, -1.000000, +1.000000, +1.000000, +1.000000, +0.266329, -0.358060, +0.929456, +0.565528, -1.000000, +0.327803, -0.435782, +0.828908, -0.371112, +0.135175, -0.050287, -0.457471, +0.380789, +0.358378, +0.579433, -0.032493]
frame=268 t=13.400s reward=+0.930664 done=0 raw_action=[+0.596641, -1.000000, +1.000000, +0.935155, +1.000000, +1.000000, -1.000000, +0.235817, +0.796395, -0.784557, -0.203143, +0.355025, +0.133628, -1.000000, -0.004352, -0.120065, +0.288552, +0.847201, -0.444972, -0.050896, -0.658150]
frame=269 t=13.450s reward=+1.037245 done=0 raw_action=[+0.437708, -1.000000, +1.000000, +0.770519, +1.000000, +0.910006, -1.000000, +1.000000, +0.062752, -0.692290, -0.492375, +0.834480, +0.155459, -0.870789, +0.392446, +0.219793, +0.783764, +0.338715, +0.048280, +0.170006, -0.512290]
frame=270 t=13.500s reward=+0.279043 done=0 raw_action=[+0.279794, -0.544380, +0.675537, -0.269510, +1.000000, +0.485140, -1.000000, +0.445578, -0.486183, -0.448677, -0.700978, +0.116992, -0.103173, -0.046698, +0.093655, -0.249414, +0.896711, -0.475739, -0.623073, -0.842140, -0.789124]
frame=271 t=13.550s reward=+0.784631 done=0 raw_action=[-0.243578, -0.407539, -1.000000, -0.981830, +1.000000, +0.540165, -0.775277, +0.354423, -0.569983, +0.244873, -0.760143, -0.905021, -0.148653, +0.833422, -0.373671, -0.150248, +0.801568, -1.000000, -0.736470, -0.364419, +0.194724]
frame=272 t=13.600s reward=+0.939979 done=0 raw_action=[-0.030011, -0.248703, -1.000000, -1.000000, +1.000000, +0.740083, -0.782994, -0.150315, -1.000000, +0.982516, -0.008683, -0.880850, +0.558282, +0.028668, -0.156978, -0.162208, -0.330031, -0.875803, -0.702990, -0.370343, +0.968077]
frame=273 t=13.650s reward=+1.021977 done=0 raw_action=[-0.015179, -0.181329, -1.000000, -1.000000, +1.000000, +0.756413, -0.963901, -0.577537, -1.000000, +1.000000, +0.241180, -0.400945, +0.775777, -0.349961, -0.013513, -0.457155, -0.361780, -0.405630, -0.476482, +0.112548, +1.000000]
frame=274 t=13.700s reward=+0.872719 done=0 raw_action=[-0.222676, +0.140276, -1.000000, -1.000000, +1.000000, +0.688053, -0.907659, -1.000000, -0.756610, +1.000000, +0.269453, -0.042542, +0.594322, -0.053896, -0.362873, -0.895333, -0.285185, +0.335897, -0.597111, +0.659195, +0.481015]
frame=275 t=13.750s reward=+0.990665 done=0 raw_action=[-0.213953, +0.302369, -1.000000, -0.339943, +1.000000, +0.332131, -1.000000, -1.000000, -0.396114, +1.000000, -0.644593, +0.443939, +0.365565, +0.073653, -1.000000, -1.000000, +0.365799, +0.404438, -0.655977, +0.626607, -0.272648]
frame=276 t=13.800s reward=+0.785942 done=0 raw_action=[-0.653660, +0.177068, -1.000000, -0.263794, +1.000000, +0.105761, +0.368880, -1.000000, -0.037154, +1.000000, -1.000000, +0.703406, -0.468439, +0.282141, -1.000000, -1.000000, +1.000000, +0.659373, +0.441555, +1.000000, -0.083442]
frame=277 t=13.850s reward=+1.072130 done=0 raw_action=[-0.442116, +0.887773, -0.319381, +0.495349, +1.000000, -0.378472, +1.000000, -1.000000, +0.120139, +0.994345, -1.000000, +0.735923, -0.586033, +0.876754, -1.000000, -1.000000, +0.821341, +0.281745, +1.000000, +0.853297, +0.155782]
frame=278 t=13.900s reward=+0.911272 done=0 raw_action=[-0.054935, -0.127490, +1.000000, +0.716528, +0.432858, -0.098508, +1.000000, -0.578189, -0.471471, +0.739338, -1.000000, +1.000000, -0.518452, +0.510228, -0.202494, -0.697306, -0.257763, +0.397166, +1.000000, -0.776040, -0.359945]
frame=279 t=13.950s reward=+1.027434 done=0 raw_action=[+0.129945, -0.129447, +1.000000, -0.119083, +0.296977, +0.370423, +1.000000, -0.676610, +0.256002, +1.000000, -0.220842, +0.722428, -0.603093, +0.807851, -0.106648, -0.259469, -0.915181, +0.128567, +1.000000, -0.155407, +0.128805]
frame=280 t=14.000s reward=+0.892082 done=0 raw_action=[+0.097515, -0.420595, +1.000000, -0.524316, +0.727834, +0.083175, +1.000000, +0.491835, +0.414905, +0.546448, +0.876092, +0.753336, -0.317795, +0.098089, +0.829785, +1.000000, -0.905946, -0.339838, +0.330859, -0.713571, -0.845492]
frame=281 t=14.050s reward=+0.623590 done=0 raw_action=[-0.058740, +0.315245, +0.999325, -0.523601, +1.000000, +0.268013, +1.000000, +0.510763, +0.793777, +0.079541, +0.464864, +0.066332, -0.453121, +0.464422, +0.324782, +0.387307, -0.799151, +0.099093, +0.038642, -0.551521, -0.455136]
frame=282 t=14.100s reward=+0.244861 done=0 raw_action=[-0.141593, +0.640537, -0.262340, -0.874769, +1.000000, -0.275851, +1.000000, +0.505358, +0.319335, -0.947033, +0.172565, -0.111862, -0.515961, -0.318938, +0.546205, +0.111902, -0.114527, -0.595195, -0.437347, -0.530525, -0.163521]
frame=283 t=14.150s reward=+1.084128 done=0 raw_action=[-0.372548, +0.692133, -1.000000, -0.847673, +1.000000, -0.879087, +1.000000, +0.752108, +0.338626, -0.829959, +0.054435, -0.398447, +0.139711, +0.666948, +0.323088, +0.198854, -0.247480, -0.177453, +0.534418, -0.466637, +0.274215]
frame=284 t=14.200s reward=+1.078234 done=0 raw_action=[+0.247684, +0.599544, -0.703358, -0.963765, +1.000000, -0.148077, -0.132766, +0.998476, +0.106172, -1.000000, +0.770070, -0.575420, +0.146365, +0.090054, +0.690021, +0.153784, -0.396373, -0.190701, -0.143255, -0.375185, +0.371298]
frame=285 t=14.250s reward=-0.631908 done=0 raw_action=[+0.608900, +0.368489, +0.446132, -0.719605, +1.000000, +0.165299, -0.226990, -0.534131, -0.229041, -1.000000, +1.000000, -0.782471, +0.305735, -0.527373, +0.839863, +0.478501, -0.439932, -0.078295, -0.547735, +0.324886, +0.253579]
frame=286 t=14.300s reward=+1.084196 done=0 raw_action=[+0.171459, +0.817690, +0.159055, -0.871912, +1.000000, -1.000000, +0.856675, +0.089878, +0.856808, -1.000000, +0.654454, -0.755338, +0.604432, -0.480369, +0.500898, +0.105231, +0.766587, -0.105963, +0.254588, +0.300887, -0.393475]
frame=287 t=14.350s reward=+1.071292 done=0 raw_action=[+1.000000, +0.050465, +1.000000, +0.661802, +1.000000, -0.291084, +0.183580, -0.096975, -0.444441, -1.000000, +1.000000, -0.707058, +0.292219, -0.943757, +0.367891, +0.150838, -0.519648, +0.099138, -0.386360, +0.567333, +0.155014]
frame=288 t=14.400s reward=+1.092270 done=0 raw_action=[+0.489721, -1.000000, +1.000000, +1.000000, +0.984716, +1.000000, -0.420085, +0.548567, +1.000000, -1.000000, +0.401057, -0.739297, +0.349765, -0.463026, -0.464465, +0.079930, -0.894087, +0.712157, -0.064566, +0.251328, -0.320403]
frame=289 t=14.450s reward=+0.121209 done=0 raw_action=[+0.430055, -1.000000, +1.000000, +1.000000, +0.979170, +1.000000, -1.000000, +0.085784, +1.000000, -0.871011, -0.752186, +0.320344, +0.116212, -0.725565, -0.196443, -0.507765, +0.440283, +0.640615, -0.403724, +0.346215, -0.027540]
frame=290 t=14.500s reward=+1.042515 done=0 raw_action=[+0.234645, -1.000000, +1.000000, +0.092321, +1.000000, +0.721289, -1.000000, +0.453603, +0.086845, -0.627155, -0.769060, +0.458767, +0.251212, -0.163894, +0.429038, +0.308353, +1.000000, -0.337633, +0.095337, -0.420425, +0.144873]
frame=291 t=14.550s reward=+1.029647 done=0 raw_action=[-0.294740, -0.824157, +0.305271, -0.147554, +1.000000, +0.661127, -1.000000, +0.850844, -0.217745, -0.231130, -0.689934, -0.039565, -0.179997, +0.046252, -0.215327, +0.274773, +0.989342, -0.377186, -0.277310, -0.303922, -0.204072]
frame=292 t=14.600s reward=-0.268964 done=0 raw_action=[+0.155488, -0.000027, -0.391374, -0.188829, +1.000000, +0.588413, -1.000000, +0.410794, -0.929723, +0.078074, -0.540420, -0.319773, -0.077788, -0.160394, +0.102797, -0.185918, +0.132250, -0.788018, -0.404193, -0.634711, -0.069857]
frame=293 t=14.650s reward=+1.036689 done=0 raw_action=[-0.254264, -0.341222, -1.000000, -1.000000, +1.000000, +0.631165, -0.904818, +0.136149, -1.000000, +1.000000, -0.175525, -0.527537, +0.402478, +0.191374, -0.437788, -0.302206, -0.381745, -0.993004, -0.763885, -0.197788, +0.889685]
frame=294 t=14.700s reward=+1.028252 done=0 raw_action=[+0.146230, +0.270129, -1.000000, -0.968921, +1.000000, +0.888546, -0.969245, -0.464030, -1.000000, +1.000000, +0.537016, -0.130408, +0.577019, -0.203319, -0.053230, -0.399910, -0.605849, -0.315336, -0.455840, -0.166798, +0.807082]
frame=295 t=14.750s reward=+0.683027 done=0 raw_action=[-0.194965, +0.237273, -1.000000, -0.774658, +1.000000, +0.484538, -1.000000, -0.864896, -0.369804, +1.000000, -0.015483, +0.481271, +0.524318, -0.132577, -0.358261, -0.956167, +0.230542, +0.208954, -0.504004, +0.512004, +0.214424]
frame=296 t=14.800s reward=+0.968049 done=0 raw_action=[-0.228471, +0.030128, -1.000000, -0.570415, +1.000000, +0.467088, -0.833522, -1.000000, -0.414479, +1.000000, -0.126120, +0.500478, +0.101573, +0.047318, -1.000000, -1.000000, +0.446674, +0.598501, -0.548643, +1.000000, -0.239018]
frame=297 t=14.850s reward=+1.028515 done=0 raw_action=[-0.356734, -0.212590, -1.000000, -0.464135, +1.000000, +0.155759, +0.158602, -1.000000, +0.175378, +1.000000, -1.000000, +0.514284, -0.319836, +0.041393, -0.923580, -1.000000, +1.000000, +0.607243, +0.515131, +1.000000, +0.114484]
frame=298 t=14.900s reward=+1.056740 done=0 raw_action=[-0.498603, +0.200449, -0.354924, +0.337007, +0.858590, +0.199128, +1.000000, -1.000000, -0.280468, +0.985042, -1.000000, +0.521226, -0.336201, +0.940012, -0.594114, -0.923286, +0.570432, +0.647981, +1.000000, +0.933405, +0.182283]
frame=299 t=14.950s reward=+0.926628 done=0 raw_action=[-0.282427, +0.282180, +0.801616, +0.626803, +0.521624, -0.133808, +1.000000, -0.346763, -0.039930, +0.951206, -1.000000, +0.817327, -0.343595, +0.855137, -0.547550, -0.713885, -0.600424, +0.330851, +1.000000, -0.599948, -0.392872]
frame=300 t=15.000s reward=+0.975987 done=0 raw_action=[+0.394890, -0.259472, +1.000000, +0.242859, +0.470040, +0.521923, +1.000000, +0.238267, -0.197779, +0.811614, +0.167728, +1.000000, -0.560472, +0.467584, +0.301870, +0.387694, -0.902253, +0.009340, +1.000000, -0.527198, +0.058423]
frame=301 t=15.050s reward=+0.729097 done=0 raw_action=[-0.335445, -0.065057, +1.000000, -0.449217, +0.627979, +0.065960, +1.000000, +0.573733, +1.000000, +0.861556, +0.238917, +0.528063, -0.435890, +0.683898, +0.037399, +0.809653, -0.309642, +0.063055, +0.564677, -0.921505, -0.776409]
frame=302 t=15.100s reward=+0.753645 done=0 raw_action=[+0.231795, +0.384100, +0.610976, -0.875032, +0.972488, +0.128339, +1.000000, -0.086988, +0.650037, -0.091097, +0.371443, -0.016246, -0.686720, -0.101972, +0.481742, +0.103963, -0.657970, -0.262463, -0.094029, -0.341917, -0.463859]
frame=303 t=15.150s reward=+1.042709 done=0 raw_action=[+0.061926, +0.631521, -0.425056, -0.850310, +1.000000, -0.258674, +1.000000, +0.614630, +0.626939, -0.553880, +0.483462, -0.112969, -0.126823, +0.545273, +0.409693, +0.408935, -0.734700, -0.293958, +0.349621, -0.240177, -0.159865]
frame=304 t=15.200s reward=+1.049253 done=0 raw_action=[-0.035816, +0.534289, -0.814634, -0.968868, +1.000000, -0.591728, +1.000000, +0.768726, -0.094927, -1.000000, +0.557009, -0.197303, -0.333939, -0.199891, +0.401886, +0.326174, -0.510642, -0.104979, -0.449727, -0.410781, -0.082417]
frame=305 t=15.250s reward=+1.116571 done=0 raw_action=[+0.417140, +0.566624, -0.379785, -0.789070, +1.000000, +0.033597, +0.145253, +0.314845, -0.112373, -1.000000, +0.778335, -0.545143, +0.038851, +0.046355, +0.794032, +0.250922, -0.383339, +0.011396, -0.069924, -0.223975, +0.448802]
frame=306 t=15.300s reward=+1.095342 done=0 raw_action=[-0.185280, +0.480827, +0.307956, -0.913402, +1.000000, -0.115087, -0.062373, -0.109886, +0.291249, -1.000000, +0.812331, -0.852285, +0.035891, -0.004514, +0.538528, -0.058068, +0.214557, +0.320949, -0.145670, +0.202471, +0.358638]
frame=307 t=15.350s reward=+1.022707 done=0 raw_action=[+0.333778, +0.883925, +0.849896, -0.613497, +1.000000, -0.745586, +0.261581, +0.036603, -0.004265, -1.000000, +1.000000, -0.734915, +0.417154, -0.716882, +0.448409, -0.251384, +0.306434, -0.398038, +0.046817, +0.116795, -0.165458]
frame=308 t=15.400s reward=+0.947019 done=0 raw_action=[+0.905910, +0.249757, +1.000000, +0.398009, +1.000000, +0.090377, -0.022462, -0.045672, -0.075566, -1.000000, +1.000000, -0.592900, +0.050321, -0.918902, +0.239985, -0.461882, -0.307531, -0.009607, -0.567033, +0.318649, -0.038939]
frame=309 t=15.450s reward=-0.004091 done=0 raw_action=[+0.385952, -1.000000, +1.000000, +1.000000, +1.000000, +0.622472, -0.210812, +0.228057, +0.246009, -1.000000, +0.210562, -0.396029, +0.504232, -0.807738, -0.039990, -0.194128, -0.238999, +0.280605, -0.174593, +0.562033, +0.046072]
frame=310 t=15.500s reward=+1.068643 done=0 raw_action=[+0.129872, -1.000000, +1.000000, +0.749879, +1.000000, +0.851036, -0.511626, +1.000000, +0.983878, -0.984754, -0.925422, +0.468525, +0.896841, -0.287995, -0.080864, +0.079216, +0.490450, +0.114888, -0.101670, +0.214126, -0.138528]
frame=311 t=15.550s reward=+0.919538 done=0 raw_action=[+0.503910, -1.000000, +1.000000, +0.960556, +1.000000, +1.000000, -1.000000, +0.557908, +0.367733, -0.822012, -0.627167, +0.827208, -0.106519, -0.754612, +0.144843, +0.455242, +0.447812, +0.383346, -0.007856, -0.116137, -0.155888]
frame=312 t=15.600s reward=+0.512697 done=0 raw_action=[-0.208584, -0.901035, +0.679907, +0.012072, +1.000000, +0.834728, -1.000000, +0.870420, -0.199892, -0.426882, -0.711533, +0.091319, +0.058571, -0.072288, -0.084677, +0.646421, +1.000000, -0.378788, +0.093835, -0.197254, -0.190768]
frame=313 t=15.650s reward=+0.386261 done=0 raw_action=[-0.362992, -0.215724, -0.995748, -1.000000, +1.000000, +0.943698, -1.000000, +0.092266, -0.779400, +0.532918, -0.521167, -1.000000, +0.007674, +0.404020, -0.302577, +0.085504, +0.643702, -0.721905, -0.279356, -0.799280, +0.056776]
frame=314 t=15.700s reward=+1.029137 done=0 raw_action=[-0.143458, -0.198088, -1.000000, -1.000000, +1.000000, +0.618366, -1.000000, -0.261278, -0.824983, +1.000000, -0.432950, -0.590780, +0.444796, +0.133808, -0.287713, -0.441098, -0.087986, -0.899585, -0.593966, -0.089495, +0.943716]
frame=315 t=15.750s reward=+0.222579 done=0 raw_action=[+0.272996, +0.083439, -1.000000, -0.852596, +1.000000, +0.631505, -1.000000, -0.719658, -1.000000, +1.000000, +0.335828, -0.255043, +0.890435, -0.193994, -0.131984, -0.483378, -0.555280, -0.073006, -0.763249, -0.292305, +0.659677]
frame=316 t=15.800s reward=+0.894928 done=0 raw_action=[-0.250088, -0.116517, -1.000000, -0.864844, +1.000000, +0.427821, -1.000000, -0.863883, -0.697888, +1.000000, +0.197246, -0.041112, +0.445431, -0.154665, -0.619514, -0.806015, -0.042284, +0.342711, -0.606703, +0.953854, +0.669779]
frame=317 t=15.850s reward=+0.971278 done=0 raw_action=[-0.315531, +0.030500, -1.000000, -0.715662, +1.000000, +0.430271, -0.608110, -1.000000, -0.162061, +1.000000, -0.613639, +0.429154, +0.030277, +0.224175, -1.000000, -1.000000, +0.825668, +0.714054, -0.186687, +1.000000, -0.414600]
frame=318 t=15.900s reward=+1.001980 done=0 raw_action=[-0.680121, +0.831606, -0.829641, +0.121428, +1.000000, +0.233674, +0.815306, -1.000000, +0.403346, +1.000000, -1.000000, +0.614120, -0.570955, +0.844991, -1.000000, -1.000000, +1.000000, +0.668913, +0.977138, +1.000000, +0.315480]
frame=319 t=15.950s reward=+0.928361 done=0 raw_action=[-0.421141, -0.160080, +0.370616, +0.405508, +0.646885, -0.772261, +1.000000, -0.490975, -0.605887, +1.000000, -1.000000, +1.000000, -0.536218, +0.266274, -0.380160, -0.759323, +0.638191, +0.008871, +1.000000, +0.023154, -0.346751]
frame=320 t=16.000s reward=+0.792297 done=0 raw_action=[+0.142927, -0.411041, +1.000000, +0.504409, +0.432799, +0.223855, +1.000000, +0.017627, +0.067005, +1.000000, -0.499594, +1.000000, -0.787402, +0.914454, -0.179448, -0.342916, -1.000000, +0.261432, +1.000000, -0.736112, -0.465656]
frame=321 t=16.050s reward=+0.901626 done=0 raw_action=[+0.179281, -0.291756, +1.000000, +0.092825, +0.467867, +0.492670, +1.000000, +0.457796, +0.218925, +0.877414, +0.077986, +1.000000, -0.498547, +0.083431, +0.377252, +0.324127, -0.671328, +0.570246, +0.714414, -0.705747, -0.096742]
frame=322 t=16.100s reward=+0.987243 done=0 raw_action=[+0.070447, -0.147416, +1.000000, -0.473507, +0.735944, +0.037095, +1.000000, +0.235300, +0.934379, +0.604970, +0.340608, +0.545653, -0.376112, +0.362182, +0.125138, +0.508564, -0.629335, -0.090055, +0.186145, -0.209319, -0.478520]
frame=323 t=16.150s reward=+1.050900 done=0 raw_action=[+0.226304, +0.578057, +0.539665, -0.692086, +0.958543, +0.194030, +1.000000, -0.225614, +0.668643, -0.058793, +0.546751, -0.308708, -0.273601, +0.603808, +0.122731, +0.498504, -1.000000, -0.227373, -0.195850, -0.445942, -0.499173]
frame=324 t=16.200s reward=+1.056386 done=0 raw_action=[-0.238452, +0.752042, -0.740229, -0.895075, +1.000000, +0.021203, +1.000000, +0.187583, +0.072899, -0.752627, +0.533754, -0.593437, -0.151613, +0.292053, +0.469215, +0.447520, -0.279550, -0.505176, +0.072924, +0.087483, -0.229469]
frame=325 t=16.250s reward=+1.039456 done=0 raw_action=[-0.035886, +0.738922, -1.000000, -1.000000, +0.939822, -0.396235, +0.575156, +0.662630, +0.143690, -1.000000, +0.609333, -0.417076, -0.121520, +0.360816, +0.446944, +0.490157, -0.300298, -0.129368, +0.011702, -0.432057, -0.242535]
frame=326 t=16.300s reward=+1.089775 done=0 raw_action=[+0.266867, +0.596638, -0.402931, -1.000000, +0.996518, -0.184007, -0.296234, +0.670550, -0.161905, -1.000000, +1.000000, -0.318064, -0.142410, -0.145928, +0.934897, +0.357644, -0.378991, -0.479147, -0.343882, -0.074565, +0.440775]
frame=327 t=16.350s reward=+1.075374 done=0 raw_action=[+0.190358, +0.862632, -0.142136, -1.000000, +1.000000, -0.886866, +0.000406, +0.846747, +0.108141, -1.000000, +0.880017, -0.412882, -0.013045, -0.583296, +0.998159, -0.275361, +0.025106, -0.468923, -0.229095, +0.106032, +0.142745]
frame=328 t=16.400s reward=-1.433323 done=0 raw_action=[+0.951165, +0.878169, +1.000000, -0.586209, +1.000000, +0.054229, -0.150478, -0.614978, +0.455975, -1.000000, +1.000000, -1.000000, -0.007863, -0.725046, +0.491648, -0.114647, -0.277108, +0.219148, -0.335523, +0.391842, +0.063895]
frame=329 t=16.450s reward=+0.985477 done=0 raw_action=[-0.098948, +0.351346, +0.315867, +0.517270, +1.000000, -1.000000, +1.000000, +0.021527, -0.356172, -1.000000, -0.109441, -0.858739, +0.946527, -0.915541, +0.614593, -0.504993, +0.838648, -0.399336, +0.117142, +0.191311, -0.349251]
frame=330 t=16.500s reward=+0.874767 done=0 raw_action=[+0.954382, -1.000000, +1.000000, +1.000000, +1.000000, +0.867434, +0.103026, +0.158691, +0.537123, -1.000000, +0.773804, -0.473881, +0.420913, -0.402454, -0.130205, +0.287333, -0.992722, +0.337632, -0.303903, -0.021270, -0.425410]
frame=331 t=16.550s reward=+0.702492 done=0 raw_action=[+0.553910, -1.000000, +1.000000, +1.000000, +1.000000, +0.598018, -0.576582, +0.890330, +1.000000, -0.872276, -0.780476, +0.415317, +0.858699, -0.559464, -0.051997, +0.310211, -0.398908, +0.534508, -0.119630, +0.364686, -0.186801]
frame=332 t=16.600s reward=+0.905370 done=0 raw_action=[+0.456885, -1.000000, +1.000000, +1.000000, +1.000000, +1.000000, -1.000000, +0.935914, +0.888959, -0.800074, -0.730411, +0.747404, +0.380501, -0.574164, +0.089711, +0.067396, +0.195187, +0.751661, -0.040933, +0.061605, -0.265037]
frame=333 t=16.650s reward=+1.007334 done=0 raw_action=[+0.305654, -1.000000, +1.000000, +0.719212, +1.000000, +0.516875, -1.000000, +0.159278, +0.138586, -0.659505, -0.744634, +0.246150, -0.306696, -0.149879, +0.151713, +0.412226, +1.000000, -0.002273, -0.057166, -0.560197, -0.277357]
frame=334 t=16.700s reward=+0.503322 done=0 raw_action=[-0.341224, -0.301232, -0.732014, -1.000000, +1.000000, +0.577056, -1.000000, +0.206989, -0.748291, +0.083649, -0.648403, -0.892770, -0.433082, +0.538107, -0.198711, +0.166736, +1.000000, -0.876786, -0.430202, -0.636267, +0.041681]
frame=335 t=16.750s reward=+1.004580 done=0 raw_action=[-0.216479, -0.140887, -1.000000, -1.000000, +1.000000, +0.715092, -0.905346, -0.069266, -1.000000, +0.873561, -0.187793, -1.000000, +0.212636, +0.452683, -0.414147, -0.098108, -0.065165, -0.838978, -0.527551, -0.438595, +0.800154]
frame=336 t=16.800s reward=+1.006020 done=0 raw_action=[-0.052518, -0.043969, -1.000000, -1.000000, +1.000000, +0.747671, -1.000000, -0.294837, -1.000000, +1.000000, +0.208788, -0.293978, +0.583304, -0.574418, -0.253466, -0.473635, -0.597564, -0.507694, -0.610628, -0.194560, +1.000000]
frame=337 t=16.850s reward=+0.911822 done=0 raw_action=[-0.021830, +0.002205, -1.000000, -1.000000, +1.000000, +0.766047, -1.000000, -1.000000, -0.865536, +1.000000, +0.381035, +0.128156, +0.370068, -0.467396, -0.362198, -0.835701, -0.165964, -0.167606, -0.535623, +0.519732, +0.816352]
frame=338 t=16.900s reward=+0.978522 done=0 raw_action=[-0.130232, +0.152439, -1.000000, -0.862084, +1.000000, +0.632162, -1.000000, -1.000000, -0.606004, +1.000000, +0.210550, +0.237192, +0.438298, +0.074433, -0.583504, -0.986437, +0.186610, +0.565731, -0.399046, +0.902299, -0.051558]
frame=339 t=16.950s reward=+0.639845 done=0 raw_action=[-0.341402, -0.058800, -1.000000, -0.518938, +1.000000, +0.333601, -0.327525, -1.000000, +0.240099, +1.000000, -1.000000, +0.437348, -0.005966, +0.400183, -1.000000, -1.000000, +1.000000, +0.815676, -0.072447, +1.000000, -0.390207]
frame=340 t=17.000s reward=+1.084787 done=0 raw_action=[-0.545926, +0.753573, -0.772791, -0.136269, +1.000000, +0.006848, +1.000000, -1.000000, +0.097436, +1.000000, -1.000000, +0.601504, -0.595235, +0.714408, -1.000000, -1.000000, +1.000000, +0.531817, +0.793388, +1.000000, +0.259065]
frame=341 t=17.050s reward=+1.071480 done=0 raw_action=[+0.282976, +0.242546, +0.547224, +0.605160, +0.581329, -0.258124, +1.000000, -0.949154, -1.000000, +0.994894, -0.905858, +1.000000, -0.483347, +0.661555, -0.485772, -0.726306, -0.390100, +0.022577, +1.000000, -0.576109, -0.219614]
frame=342 t=17.100s reward=+1.005356 done=0 raw_action=[-0.306470, -0.190912, +1.000000, +0.486733, +0.562245, +0.017933, +1.000000, +0.656604, +0.122468, +1.000000, -0.336874, +1.000000, -0.460389, +0.474632, +0.023870, +0.268863, -0.559928, +0.361289, +0.891508, -1.000000, -0.522533]
frame=343 t=17.150s reward=+1.063297 done=0 raw_action=[+0.053504, -0.439629, +1.000000, -0.393527, +0.812095, +0.062731, +1.000000, +0.369058, +0.904843, +0.787871, +0.429140, +0.739372, -0.691038, +0.546194, +0.500202, +0.683920, -0.896044, -0.307191, +0.604507, -0.470877, -0.666323]
frame=344 t=17.200s reward=+0.987583 done=0 raw_action=[+0.201223, +0.558427, +1.000000, -0.541240, +1.000000, +0.438653, +1.000000, -0.199249, +1.000000, +0.364465, +0.333339, +0.014799, -0.721165, +0.638427, -0.102401, +0.287810, -0.983934, +0.278411, +0.344781, -0.144269, -0.069034]
frame=345 t=17.250s reward=+0.334954 done=0 raw_action=[-0.271020, +0.594226, -0.089394, -0.575832, +1.000000, -0.481129, +1.000000, +0.363430, -0.032345, -0.352295, -0.010846, -0.048237, -0.068096, +0.111027, +0.298224, +0.365067, -0.083799, -0.135062, +0.045250, -0.714491, -0.334212]
frame=346 t=17.300s reward=+1.065235 done=0 raw_action=[+0.181132, +0.740488, -0.950176, -1.000000, +0.983445, -0.218274, +1.000000, +0.463977, +0.081821, -0.879755, +0.739139, -0.319034, -0.343035, +0.407472, +0.653391, +0.699395, -0.156684, -0.253966, +0.004378, -0.282135, +0.083582]
frame=347 t=17.350s reward=+1.016174 done=0 raw_action=[+0.156860, +0.608272, -0.433454, -1.000000, +1.000000, -0.011257, +0.033274, +0.554439, +0.294873, -1.000000, +1.000000, -0.702573, -0.346549, -0.109492, +0.789084, +0.510055, -0.322146, -0.491779, -0.264389, +0.440847, +0.252901]
frame=348 t=17.400s reward=+1.005316 done=0 raw_action=[+0.333175, +0.641226, -0.081205, -0.951831, +1.000000, -0.633549, +0.239463, -0.055582, +0.193321, -1.000000, +1.000000, -0.709363, -0.069249, -0.215795, +0.816859, +0.092544, -0.178382, -0.139068, -0.238922, +0.170289, +0.094994]
frame=349 t=17.450s reward=+0.532063 done=0 raw_action=[+0.101499, +0.941929, +0.620959, -0.498684, +1.000000, -0.644117, +0.145459, +0.200704, +0.347086, -1.000000, +1.000000, -0.840613, +0.070091, -0.515353, +0.515086, -0.195244, +0.036343, +0.109256, +0.090356, +0.083891, +0.295644]
frame=350 t=17.500s reward=+0.458087 done=0 raw_action=[+0.446179, +0.622033, +1.000000, +0.349343, +1.000000, -0.825121, +0.494705, +0.260113, +0.039055, -1.000000, +1.000000, -0.884687, +0.382414, -0.680448, +0.289644, -0.261338, -0.067269, -0.041896, +0.136013, +0.110519, +0.068997]
frame=351 t=17.550s reward=+0.926050 done=0 raw_action=[+0.786468, -0.769196, +1.000000, +1.000000, +1.000000, +0.319829, +0.547267, +0.138833, +0.196567, -1.000000, +0.701764, -0.887642, +0.515817, -0.689455, -0.073727, +0.271067, -0.572453, +0.210007, +0.299672, +0.569052, -0.077593]
frame=352 t=17.600s reward=+0.868967 done=0 raw_action=[+0.865499, -1.000000, +1.000000, +1.000000, +0.997318, +1.000000, -0.461369, +0.063845, +1.000000, -1.000000, -0.540583, -0.100818, +0.411742, -0.625193, +0.012144, -0.391771, -0.399442, +0.569957, -0.298511, +0.472660, -0.163194]
frame=353 t=17.650s reward=+0.954452 done=0 raw_action=[+0.856561, -1.000000, +1.000000, +1.000000, +1.000000, +1.000000, -1.000000, +1.000000, +1.000000, -0.856117, -0.652190, +1.000000, +0.617627, -0.860169, +0.043865, +0.236068, +0.041948, +1.000000, +0.000135, +0.032374, -0.397725]
frame=354 t=17.700s reward=+0.939626 done=0 raw_action=[+0.464905, -1.000000, +1.000000, +0.453001, +1.000000, +0.799910, -1.000000, +0.609309, +0.516407, -0.843421, -0.671520, +0.951518, -0.183134, -0.354005, +0.182525, +0.494424, +1.000000, +0.143438, +0.021895, -0.462675, -0.672663]
frame=355 t=17.750s reward=+0.523169 done=0 raw_action=[-0.062075, -0.600419, -0.064217, -0.357876, +1.000000, +0.456541, -1.000000, +0.471504, -0.606442, -0.286791, -0.882570, -0.239285, -0.539069, +0.334300, +0.033842, -0.120040, +1.000000, -0.706503, -0.498230, -0.330129, -0.049029]
frame=356 t=17.800s reward=+0.898801 done=0 raw_action=[-0.311504, -0.480882, -1.000000, -0.936285, +1.000000, +0.308860, -1.000000, +0.634128, -0.735219, +0.378449, -0.811307, -0.815839, +0.110465, +0.465623, -0.232888, +0.005852, +0.696101, -1.000000, -0.558635, -0.591808, +0.273045]
frame=357 t=17.850s reward=+0.952395 done=0 raw_action=[-0.189402, -0.280528, -1.000000, -1.000000, +1.000000, +0.473927, -1.000000, -0.048143, -1.000000, +1.000000, -0.335958, -0.318199, +0.820941, -0.363938, -0.226782, -0.353569, -0.370718, -0.917703, -0.855326, -0.729134, +0.905765]
frame=358 t=17.900s reward=+0.771379 done=0 raw_action=[+0.110523, +0.120492, -1.000000, -1.000000, +1.000000, +0.565124, -1.000000, -0.484293, -1.000000, +1.000000, +0.344696, +0.079861, +0.857488, -0.311045, -0.200122, -0.549320, -0.881823, -0.544541, -0.828253, -0.406199, +1.000000]
frame=359 t=17.950s reward=+0.660358 done=0 raw_action=[+0.195966, -0.142328, -1.000000, -0.974025, +1.000000, +0.576116, -1.000000, -0.593385, -1.000000, +1.000000, +0.835787, +0.315871, +0.094112, -0.259050, -0.280255, -0.695327, -0.555225, +0.059534, -0.528003, +0.693533, +0.916252]
frame=360 t=18.000s reward=+0.383900 done=0 raw_action=[-0.483193, -0.204141, -1.000000, -0.648299, +1.000000, +0.413124, -1.000000, -1.000000, -0.523991, +1.000000, -0.307282, +0.326515, +0.263301, +0.175760, -0.964010, -1.000000, +0.597776, +0.756225, -0.113855, +1.000000, -0.442735]
frame=361 t=18.050s reward=+0.814555 done=0 raw_action=[-0.495532, -0.002543, -1.000000, -0.351365, +1.000000, +0.113197, +0.279910, -1.000000, -0.023290, +1.000000, -1.000000, +0.385725, -0.232004, +0.456655, -1.000000, -1.000000, +1.000000, +0.762700, +0.334475, +1.000000, -0.161090]
frame=362 t=18.100s reward=+1.054431 done=0 raw_action=[-0.667872, +1.000000, -0.606919, +0.356390, +1.000000, +0.039972, +1.000000, -1.000000, -0.083769, +1.000000, -1.000000, +0.608403, -0.455265, +1.000000, -1.000000, -1.000000, +1.000000, +0.674257, +1.000000, +1.000000, +0.293132]
frame=363 t=18.150s reward=+1.000205 done=0 raw_action=[+0.527484, +0.099107, +0.749492, +0.482452, +0.724736, -0.146260, +1.000000, -1.000000, -0.792873, +1.000000, -1.000000, +0.854795, -0.500553, +0.612299, -0.334688, -0.712334, -0.346363, +0.049055, +1.000000, -0.175881, -0.182331]
frame=364 t=18.200s reward=+0.944521 done=0 raw_action=[+0.043026, -0.332341, +1.000000, +0.404507, +0.657437, +0.491145, +1.000000, -0.169543, +0.267051, +1.000000, +0.178845, +0.886047, -0.395229, +0.622464, +0.190358, +0.592009, -0.987361, +0.773990, +0.958438, -0.475875, -0.352357]
frame=365 t=18.250s reward=+0.770740 done=0 raw_action=[+0.154228, +0.114501, +1.000000, -0.562539, +0.674390, +0.391429, +1.000000, -0.011313, +1.000000, +0.976963, +0.454337, +0.373025, -0.553554, +0.348316, -0.023607, +0.925454, -0.563563, -0.117310, +0.663849, -0.584933, -0.459032]
frame=366 t=18.300s reward=+0.958011 done=0 raw_action=[-0.411302, +0.758832, +1.000000, -0.444826, +1.000000, +0.532523, +1.000000, -0.067936, +1.000000, +0.119254, +0.268223, -0.145246, -0.726394, +0.667208, -0.073605, +0.410243, -0.247256, -0.030943, +0.254791, -0.073509, -0.468810]
frame=367 t=18.350s reward=-0.370827 done=0 raw_action=[+0.189175, +0.923712, +0.190998, -0.509392, +1.000000, +0.215924, +1.000000, -0.274879, +0.043165, -0.676623, +0.348370, -0.439236, -0.531289, +0.150880, +0.131001, +0.300689, -0.413876, -0.220636, +0.214359, -0.167575, -0.306284]
frame=368 t=18.400s reward=+0.963893 done=0 raw_action=[-0.259141, +0.986906, -0.972263, -0.965606, +1.000000, -0.529143, +1.000000, +0.727693, +0.177288, -1.000000, +0.341787, -0.160315, -0.474710, +0.494591, +0.572311, +0.427490, -0.011563, -0.515387, +0.224833, -0.486181, +0.223332]
frame=369 t=18.450s reward=+0.995414 done=0 raw_action=[+0.278709, +0.380811, -0.236613, -0.757794, +1.000000, -0.284360, -0.097385, +0.633812, -0.214901, -1.000000, +1.000000, -0.180821, -0.621069, -0.300721, +1.000000, +0.499846, -1.000000, -0.379090, -0.296441, -0.006337, +0.572662]
frame=370 t=18.500s reward=+0.698963 done=0 raw_action=[+0.022492, +0.432870, +0.160472, -0.446186, +1.000000, -0.861445, -0.026880, +0.871358, +0.277054, -1.000000, +1.000000, -0.289815, -0.050253, -0.683879, +0.817214, +0.160894, -0.626097, -0.420081, +0.004421, -0.171036, +0.162661]
frame=371 t=18.550s reward=-0.411130 done=0 raw_action=[+0.424451, +0.594657, +0.808318, -0.017044, +1.000000, -0.537411, +0.293899, +0.003176, +0.386165, -1.000000, +1.000000, -0.806647, +0.003445, -0.368564, +0.567082, -0.051772, -0.454929, +0.297135, +0.196664, +0.292200, +0.298829]
frame=372 t=18.600s reward=+0.746257 done=0 raw_action=[+0.690704, +0.282572, +1.000000, +0.695903, +1.000000, -0.579557, +0.758311, +0.204983, +0.020816, -1.000000, +0.789727, -0.818262, +0.366888, -0.666819, +0.255121, -0.316912, -0.396254, +0.126862, -0.383876, -0.418559, +0.033638]
frame=373 t=18.650s reward=+0.977865 done=0 raw_action=[+0.824099, -1.000000, +1.000000, +1.000000, +1.000000, +0.795063, -0.279577, +0.630138, +0.561698, -1.000000, +0.430579, -0.378854, +0.655329, -0.587725, -0.034880, -0.245165, -0.776612, +0.433067, +0.182730, +0.383378, -0.153959]
frame=374 t=18.700s reward=+0.970793 done=0 raw_action=[+0.728436, -1.000000, +1.000000, +1.000000, +1.000000, +1.000000, -1.000000, +0.636123, +1.000000, -0.849825, -0.346317, +0.527367, +0.710676, -1.000000, +0.125077, +0.071339, -0.113122, +0.632119, +0.143803, +0.525682, -0.439986]
frame=375 t=18.750s reward=+0.908842 done=0 raw_action=[+0.284570, -1.000000, +1.000000, +0.654079, +1.000000, +1.000000, -1.000000, +0.518514, +0.677403, -0.839685, -0.409130, +0.726230, +0.180329, -0.751945, +0.094857, +0.330440, +0.768757, +0.325348, -0.533938, -0.243322, -0.509837]
frame=376 t=18.800s reward=+0.372586 done=0 raw_action=[-0.110136, -1.000000, +1.000000, +0.051995, +1.000000, +0.633252, -1.000000, +1.000000, -0.679093, -0.552001, -0.373760, +0.277687, -0.081360, -0.295252, -0.161382, +0.111810, +1.000000, -0.016997, -0.527166, +0.197751, -0.308497]
frame=377 t=18.850s reward=+0.935947 done=0 raw_action=[-0.443173, -0.931893, -1.000000, -1.000000, +1.000000, +0.549783, -1.000000, +0.394943, -0.253703, +0.253164, -0.888417, -1.000000, -0.293205, +0.863045, -0.335307, -0.333757, +1.000000, -1.000000, -0.682772, -0.322748, -0.157430]
frame=378 t=18.900s reward=+0.977105 done=0 raw_action=[+0.112632, -0.278703, -1.000000, -0.837092, +1.000000, +0.775513, -1.000000, -0.131068, -1.000000, +0.978064, -0.212370, -0.657040, +0.673562, -0.446560, -0.190659, -0.238660, -0.067397, -0.844087, -0.970281, -0.639224, +0.823278]
frame=379 t=18.950s reward=+0.768798 done=0 raw_action=[+0.380387, -0.082430, -1.000000, -1.000000, +1.000000, +0.459760, -1.000000, -0.441450, -1.000000, +1.000000, +0.182710, -0.349148, +1.000000, -0.267175, +0.278571, -0.369746, -0.666270, -0.457832, -0.576076, -0.344605, +0.959085]
frame=380 t=19.000s reward=+0.901560 done=0 raw_action=[+0.029285, -0.053414, -1.000000, -0.885456, +1.000000, +0.394966, -1.000000, -0.889759, -1.000000, +1.000000, +0.252876, -0.055378, +0.897949, -0.006506, -0.408147, -0.534636, -0.754662, -0.202050, -0.951734, +0.230207, +0.581819]
frame=381 t=19.050s reward=+0.794463 done=0 raw_action=[-0.197410, +0.129369, -1.000000, -0.724274, +1.000000, +0.445552, -0.703564, -1.000000, -0.853115, +0.996837, -0.054419, +0.321319, +0.372962, +0.170341, -0.228069, -0.932302, +0.578850, +0.100219, -0.197920, +1.000000, -0.269469]
frame=382 t=19.100s reward=+0.981452 done=0 raw_action=[-0.227689, +0.107341, -1.000000, -0.412736, +1.000000, +0.476745, -0.406817, -1.000000, -0.178408, +0.712190, -1.000000, +0.195045, +0.081599, +0.491127, -0.685464, -1.000000, +1.000000, +0.736115, -0.019113, +1.000000, -0.756190]
frame=383 t=19.150s reward=+1.044754 done=0 raw_action=[-0.377538, +0.634425, -0.772779, -0.029844, +1.000000, -0.075889, +0.866351, -1.000000, +0.163845, +1.000000, -1.000000, +0.333184, +0.008281, +0.647832, -1.000000, -1.000000, +0.703556, +0.578022, +0.479268, +0.696963, -0.298603]
frame=384 t=19.200s reward=-1.290848 done=0 raw_action=[-0.305718, +0.277571, +0.488894, +0.472045, +0.720598, -0.539985, +1.000000, -1.000000, +0.091324, +1.000000, -1.000000, +0.718763, -0.482845, +0.663717, -0.843289, -0.784480, -0.250268, -0.148118, +0.981074, -0.514387, -0.149933]
frame=385 t=19.250s reward=+0.341375 done=0 raw_action=[+0.063222, -0.946754, +1.000000, +0.210446, +0.564511, -0.800431, +1.000000, +0.079883, +0.262522, +1.000000, -1.000000, +1.000000, -0.538040, +0.403357, +0.320215, +0.416411, -0.768923, -0.119093, +0.996049, -1.000000, -0.679574]
frame=386 t=19.300s reward=+0.743761 done=0 raw_action=[+0.217820, +0.255070, +1.000000, +0.025503, +0.526070, +1.000000, +1.000000, -0.231331, +1.000000, +1.000000, +0.094683, +0.348508, -0.550410, +0.882193, +0.145503, +0.683947, -1.000000, +0.492924, +1.000000, -0.303121, +0.126921]
frame=387 t=19.350s reward=+0.050748 done=0 raw_action=[-0.267253, +0.869786, +1.000000, -0.321430, +0.928224, +1.000000, +1.000000, +0.114363, +0.884881, +0.150245, +0.933979, +0.109273, -0.425504, +0.848151, +0.229749, +1.000000, -0.476638, +0.416163, +0.115263, +0.063659, -0.199768]
frame=388 t=19.400s reward=+0.862916 done=0 raw_action=[+0.132947, +1.000000, +0.110451, -0.948284, +0.985512, +0.385498, +1.000000, -0.038098, +0.649987, -0.416482, +0.593966, -0.481441, -0.628293, +0.666086, -0.011078, +0.734175, -0.218071, -0.529128, +0.202504, +0.122706, +0.090556]
frame=389 t=19.450s reward=+0.986047 done=0 raw_action=[-0.073989, +1.000000, -0.108384, -0.788407, +1.000000, +0.073085, +0.781686, +0.874529, +0.022117, -1.000000, +0.886627, -0.245859, -0.724454, -0.313869, +0.406904, +0.481969, -0.400775, -0.432897, +0.248933, -0.214187, +0.222909]
frame=390 t=19.500s reward=+1.024583 done=0 raw_action=[+0.098967, +0.913923, -0.094555, -0.716587, +1.000000, -0.560181, +0.021964, +0.986239, -0.010673, -1.000000, +1.000000, -0.049710, -0.538652, -0.540274, +0.927381, -0.178152, -0.369017, -0.294079, -0.073165, -0.088272, +0.480975]
frame=391 t=19.550s reward=-1.479074 done=0 raw_action=[+0.686527, +0.525238, +0.737796, -0.115619, +1.000000, -0.410473, -0.210288, +0.180831, +0.099215, -1.000000, +1.000000, -0.432979, -0.463276, -0.716216, +0.948545, -0.467820, -0.769385, -0.134356, -0.343850, +0.327935, +0.661625]
frame=392 t=19.600s reward=+1.036698 done=0 raw_action=[-0.255485, +0.902575, +0.406115, +0.451867, +1.000000, -0.776358, +1.000000, -0.022176, +0.272710, -1.000000, +0.916001, -0.836217, +0.092063, -0.706884, -0.545932, -0.337990, -0.402878, +0.273453, -0.149043, -0.638068, -0.045881]
frame=393 t=19.650s reward=+0.696062 done=0 raw_action=[+0.475599, -0.420268, +1.000000, +1.000000, +1.000000, -0.183054, -0.098038, +0.574846, +0.063173, -1.000000, +0.978692, -0.273507, +0.377260, -0.699749, +0.199782, -0.506718, -0.272070, +0.174859, +0.503091, +0.468377, -0.186107]
frame=394 t=19.700s reward=-0.054211 done=0 raw_action=[+0.677101, -1.000000, +1.000000, +1.000000, +0.983588, +1.000000, -0.559799, +0.608147, +0.075107, -1.000000, +0.270541, +0.187321, +0.333239, -1.000000, -0.001178, -0.224630, -0.491144, +0.629506, -0.140408, +0.602101, -0.202131]
frame=395 t=19.750s reward=+0.967271 done=0 raw_action=[+0.227743, -1.000000, +1.000000, +0.702556, +1.000000, +0.749522, -0.561599, +0.686324, +1.000000, -1.000000, -0.857581, +0.819102, +0.901917, -0.320794, +0.360953, +0.187948, +0.511796, -0.123965, -0.137826, +0.064628, -0.743290]
frame=396 t=19.800s reward=+0.474108 done=0 raw_action=[+0.605386, -1.000000, +1.000000, +0.745170, +1.000000, +0.812304, -1.000000, +0.772265, +0.317823, -1.000000, -0.369961, +1.000000, +0.116165, -0.572166, +0.289607, +0.626028, +0.762557, +0.513898, -0.055336, -0.373650, -0.960994]
frame=397 t=19.850s reward=+0.929217 done=0 raw_action=[-0.102490, -1.000000, -0.200857, -0.694188, +1.000000, +0.574076, -1.000000, +0.471325, -0.595920, -0.311149, -0.476205, -0.800381, -0.245880, +0.332103, -0.231637, +0.464560, +1.000000, -0.536729, -0.670801, -0.683660, -0.249820]
frame=398 t=19.900s reward=+0.872353 done=0 raw_action=[-0.316796, -0.452876, -1.000000, -0.949996, +1.000000, +0.630522, -0.899882, +0.389015, -1.000000, +0.400137, -0.764857, -0.953927, +0.023408, +0.176949, -0.190051, -0.226333, +0.651822, -0.877378, -0.652907, -0.398116, +0.544733]
frame=399 t=19.950s reward=+0.906290 done=0 raw_action=[+0.384156, -0.084758, -1.000000, -1.000000, +1.000000, +0.848337, -0.655222, -0.538536, -1.000000, +0.767097, +0.079240, -0.402956, +0.703370, -0.076640, +0.335581, -0.497618, -0.344211, -0.776984, -0.686812, -0.593877, +0.892117]
frame=400 t=20.000s reward=+0.914145 done=0 raw_action=[-0.152492, -0.113035, -1.000000, -0.898712, +1.000000, +0.492565, -1.000000, -0.442111, -1.000000, +1.000000, +0.016543, -0.086778, +1.000000, -0.108244, -0.280611, -0.538307, -0.414118, -0.179226, -0.699165, -0.525358, +0.631573]
frame=401 t=20.050s reward=+0.612028 done=0 raw_action=[-0.137588, -0.125690, -1.000000, -0.873076, +1.000000, +0.290409, -1.000000, -0.696867, -0.837002, +1.000000, +0.264955, +0.120247, +0.605891, +0.005716, -0.085297, -0.511530, -0.059242, +0.224645, -0.472735, +0.532449, +0.416319]
frame=402 t=20.100s reward=+0.771744 done=0 raw_action=[+0.072929, -0.118455, -1.000000, -0.578062, +1.000000, +0.149191, -0.759663, -1.000000, -0.069579, +0.961299, -0.587398, +0.175033, +0.240695, -0.013765, -0.266553, -0.861652, +0.390017, +0.083769, -0.457907, +1.000000, -0.242578]
frame=403 t=20.150s reward=+0.965855 done=0 raw_action=[+0.008438, -0.145560, -1.000000, -0.497134, +1.000000, +0.351619, +0.399461, -1.000000, -0.550952, +0.844573, -1.000000, +0.131835, +0.176958, +0.351176, -0.522804, -1.000000, +0.593778, +0.830066, -0.078843, +1.000000, -0.383585]
frame=404 t=20.200s reward=+1.075290 done=0 raw_action=[-0.760240, +0.674903, -0.826393, +0.088084, +1.000000, +0.029084, +1.000000, -1.000000, +0.370386, +1.000000, -1.000000, +0.040453, -0.121015, +0.874375, -1.000000, -0.846906, +0.403277, +0.625410, +0.988176, +0.975218, -0.098307]
frame=405 t=20.250s reward=+0.923550 done=0 raw_action=[+0.120951, +0.386123, +1.000000, +0.730550, +1.000000, -0.140166, +1.000000, -1.000000, -0.091453, +0.953884, -1.000000, +0.469575, -0.649377, +0.574859, -0.679075, -0.612151, -0.923610, -0.037454, +0.723205, -0.342988, -0.249770]
frame=406 t=20.300s reward=+0.980675 done=0 raw_action=[+0.194854, -0.661490, +1.000000, +0.572723, +1.000000, +0.027680, +1.000000, +0.110806, +0.353231, +0.827603, -0.431614, +0.958471, -0.473325, +0.730269, +0.493606, +0.877213, -0.631848, +0.388708, +1.000000, -0.632551, -0.463003]
frame=407 t=20.350s reward=-0.013519 done=0 raw_action=[-0.802901, +0.268258, +1.000000, -0.340889, +0.992805, +0.405895, +1.000000, +0.586478, +1.000000, +0.639806, -0.038888, +0.261258, -0.731257, +0.749195, -0.146723, +0.988655, +0.046336, +0.061506, +0.936155, -0.450713, -0.727443]
frame=408 t=20.400s reward=+0.805047 done=0 raw_action=[+0.150906, +0.848051, +0.456533, -0.747354, +1.000000, +0.036223, +1.000000, -0.116099, +1.000000, +0.260011, -0.252599, -0.124555, -0.975645, +0.564984, -0.000580, +0.321192, -0.473587, -0.181001, +0.054656, -0.238588, +0.103224]
frame=409 t=20.450s reward=+0.445697 done=0 raw_action=[-0.123110, +1.000000, -0.412052, -0.887224, +1.000000, -0.099204, +1.000000, +0.538568, +0.024528, -0.826324, +0.199953, -0.060652, -0.467853, -0.093503, +0.312623, +0.291798, -0.253074, -0.355277, -0.128831, -0.415311, +0.313557]
frame=410 t=20.500s reward=+1.075253 done=0 raw_action=[+0.054816, +0.652230, -0.505460, -0.618571, +1.000000, -0.472314, +0.992211, +0.496882, +0.055856, -1.000000, +0.972170, -0.297569, -0.284027, +0.156229, +0.580861, +0.411972, -0.980803, +0.183473, +0.355235, -0.290637, +0.057733]
frame=411 t=20.550s reward=+1.072063 done=0 raw_action=[+0.448646, +0.580929, +0.181871, -0.825903, +1.000000, -0.397250, +0.188230, +0.699042, +0.202293, -1.000000, +1.000000, -0.232662, -0.303046, +0.375424, +0.935054, +0.386973, -0.624747, -0.473916, +0.208662, +0.146102, +0.427968]
frame=412 t=20.600s reward=+1.091707 done=0 raw_action=[-0.012696, +0.659364, +0.405805, -0.498351, +1.000000, -0.735992, +0.427372, +0.030374, +0.137702, -1.000000, +1.000000, -0.567030, -0.044722, -0.526458, +0.723024, -0.150529, -0.464669, -0.364501, -0.251054, -0.358483, +0.054932]
frame=413 t=20.650s reward=-0.975370 done=0 raw_action=[+0.747287, +0.568533, +1.000000, +0.310445, +1.000000, +0.041565, -0.045620, -0.249023, +0.112994, -1.000000, +1.000000, -0.731426, -0.071116, -0.638517, +0.368525, -0.096729, -0.637802, +0.579640, -0.083725, +0.487915, +0.573911]
frame=414 t=20.700s reward=+1.067600 done=0 raw_action=[+0.289928, -0.069769, +1.000000, +0.227358, +1.000000, +0.186605, +0.523373, -0.648367, +0.532458, -1.000000, +1.000000, -1.000000, +0.381179, -0.663681, -0.854281, +0.139182, +0.090163, +0.418443, -0.126892, +0.317497, -0.058288]
frame=415 t=20.750s reward=+1.067338 done=0 raw_action=[+0.692485, -1.000000, +1.000000, +1.000000, +0.824876, +0.685638, -0.582883, +0.493742, +0.292293, -1.000000, +0.610273, -0.183039, +0.033892, -0.724129, +0.117403, -0.119104, -0.414240, +0.445937, +0.311718, +0.251848, +0.250902]
frame=416 t=20.800s reward=+1.056489 done=0 raw_action=[+0.597975, -1.000000, +1.000000, +0.917330, +0.971092, +0.913546, -0.952268, +1.000000, +0.451355, -1.000000, -0.139551, +0.600559, +0.162554, -0.590779, +0.134953, -0.067969, +0.183343, +0.357971, -0.021297, +0.228215, -0.062724]
frame=417 t=20.850s reward=+1.031559 done=0 raw_action=[+0.631336, -1.000000, +1.000000, +1.000000, +1.000000, +0.574211, -1.000000, +1.000000, +0.445461, -1.000000, -0.798099, +1.000000, +0.114982, -1.000000, +0.120068, -0.213985, +0.325222, +0.405683, -0.365922, -0.265252, -0.785883]
frame=418 t=20.900s reward=+0.344110 done=0 raw_action=[+0.057208, -0.916144, +0.631132, -0.225374, +1.000000, +0.718933, -1.000000, +1.000000, -0.663121, -0.380258, -0.562729, +0.309103, -0.103309, -0.505099, +0.241406, +0.062174, +1.000000, -0.305254, +0.148769, +0.014366, -0.601946]
frame=419 t=20.950s reward=+1.017806 done=0 raw_action=[-0.093698, -0.385576, -0.916685, -0.771398, +1.000000, +0.767322, -0.847818, +0.457323, -0.962359, +0.384322, -0.539589, -0.629111, +0.161057, +0.723870, -0.224071, +0.052195, +0.903915, -1.000000, -0.774311, -0.867921, -0.297608]
frame=420 t=21.000s reward=+0.866614 done=0 raw_action=[-0.332308, -0.091134, -1.000000, -1.000000, +1.000000, +0.574761, -0.725916, -0.142229, -1.000000, +0.711752, -0.450152, -0.494400, +0.714715, +0.283165, +0.067124, -0.220123, +0.138554, -1.000000, -0.805629, -0.470597, +0.566757]
frame=421 t=21.050s reward=+0.908581 done=0 raw_action=[+0.206198, -0.100068, -1.000000, -1.000000, +1.000000, +0.511092, -0.914279, -0.487752, -1.000000, +1.000000, +0.204619, -0.354842, +0.998556, -0.037347, +0.130236, -0.371464, -0.510740, -0.728437, -0.654584, -0.028186, +0.826105]
frame=422 t=21.100s reward=+1.060849 done=0 raw_action=[+0.028176, -0.068419, -1.000000, -0.729470, +1.000000, +0.582462, -1.000000, -1.000000, -0.832766, +1.000000, +0.422636, -0.281708, +0.848374, -0.143496, -0.214588, -0.386267, -0.295995, -0.036989, -0.630053, +0.309379, +0.783053]
frame=423 t=21.150s reward=+0.636689 done=0 raw_action=[-0.298451, -0.090736, -1.000000, -0.522900, +1.000000, +0.298865, -1.000000, -1.000000, -0.000365, +1.000000, +0.024752, +0.139255, +0.334234, -0.134060, -0.648611, -0.814566, +0.537534, +0.366044, -0.583983, +0.662250, -0.510017]
frame=424 t=21.200s reward=+1.068325 done=0 raw_action=[-0.035434, -0.070979, -1.000000, -0.527677, +1.000000, +0.108181, -0.351883, -1.000000, +0.070565, +0.855367, -1.000000, +0.383716, +0.231114, +0.006005, -0.857780, -1.000000, +1.000000, +0.454277, -0.199350, +1.000000, -0.456771]
frame=425 t=21.250s reward=+1.087816 done=0 raw_action=[-0.661276, +0.753609, -1.000000, -0.077153, +1.000000, -0.198981, +1.000000, -1.000000, -0.053944, +1.000000, -1.000000, +0.634423, -0.346722, +0.578184, -0.993330, -1.000000, +1.000000, +0.494547, +0.438606, +1.000000, +0.360991]
frame=426 t=21.300s reward=+0.888613 done=0 raw_action=[-0.318765, +0.382994, +0.332139, +0.889291, +0.900250, -0.344016, +1.000000, -0.791535, -0.153015, +0.971872, -1.000000, +0.822157, -0.494133, +0.955465, -0.633120, -1.000000, -0.373213, +0.324609, +1.000000, +0.100129, -0.071172]
frame=427 t=21.350s reward=+1.064619 done=0 raw_action=[-0.085453, -0.595382, +1.000000, +0.737030, +0.863746, +0.288322, +1.000000, +0.350933, +0.004261, +1.000000, -0.643320, +1.000000, -0.688348, +0.736971, +0.136804, +0.148647, -1.000000, +0.454310, +1.000000, -0.524141, -0.224155]
frame=428 t=21.400s reward=+0.861878 done=0 raw_action=[-0.019325, +0.070011, +1.000000, -0.024596, +0.764553, +0.474664, +1.000000, +0.467804, +0.952312, +0.792257, +0.033046, +0.686472, -0.462460, +0.260812, -0.115563, +0.660356, -0.875028, +0.089998, +1.000000, -0.771578, -0.386876]
frame=429 t=21.450s reward=+0.477805 done=0 raw_action=[+0.169612, +0.086450, +1.000000, -0.695228, +1.000000, +0.238989, +1.000000, +0.207724, +0.735542, +0.342150, +0.021402, +0.624536, -0.606830, +0.109415, +0.377765, +0.703180, -0.036029, +0.157146, +0.426369, -0.309589, -0.240194]
frame=430 t=21.500s reward=+1.086927 done=0 raw_action=[+0.099075, +0.779357, +0.240642, -0.756521, +1.000000, -0.019333, +1.000000, -0.309835, +0.577721, -0.007878, -0.252851, -0.309754, -0.314657, +0.673595, -0.037631, +0.138012, -0.743320, +0.076678, +0.077377, -0.456747, -0.123726]
frame=431 t=21.550s reward=+1.057108 done=0 raw_action=[-0.486632, +0.680758, -0.418133, -0.615415, +1.000000, -0.528353, +1.000000, +0.707426, -0.237390, -0.626115, +0.228753, -0.180435, +0.001563, +0.206863, +0.226701, +0.571338, -0.694695, -0.613964, -0.069646, -0.975897, -0.344779]
frame=432 t=21.600s reward=+0.891370 done=0 raw_action=[+0.425128, +0.339142, -0.133811, -0.703486, +1.000000, +0.201465, +0.224682, +0.587046, +0.005911, -1.000000, +1.000000, -0.335783, -0.598325, +0.478873, +0.867152, +0.796412, -0.816737, -0.535883, +0.126653, +0.314452, +0.431284]
frame=433 t=21.650s reward=+1.095774 done=0 raw_action=[+0.179264, +0.603631, -0.499603, -1.000000, +1.000000, -0.677019, +0.575043, +0.114789, +0.417862, -1.000000, +0.958517, -0.463818, -0.618804, +0.238796, +0.774127, +0.153540, -0.203734, -0.242550, +0.089184, -0.011442, +0.364360]
frame=434 t=21.700s reward=+0.833224 done=0 raw_action=[+0.111003, +0.654066, +0.158748, -0.757086, +1.000000, -0.547504, -0.076176, +0.510702, -0.147870, -1.000000, +1.000000, -0.258896, -0.011459, -0.546098, +0.943906, -0.169673, -0.171435, +0.015999, -0.196491, +0.100542, +0.602149]
frame=435 t=21.750s reward=+0.870148 done=0 raw_action=[+0.375798, +0.761928, +1.000000, -0.107718, +1.000000, -0.524151, +0.207708, -0.015828, +0.285136, -1.000000, +1.000000, -0.764059, +0.223654, -0.885320, +0.393965, +0.063496, -0.332165, +0.350546, +0.281013, +0.016725, +0.022145]
frame=436 t=21.800s reward=+0.950873 done=0 raw_action=[+0.875756, +0.152637, +1.000000, +0.922264, +1.000000, -0.226907, -0.055243, +0.103233, +0.168133, -1.000000, +1.000000, -0.656622, +0.210899, -0.879820, +0.129221, -0.420936, -0.487195, +0.034848, -0.313400, +0.205107, +0.026370]
frame=437 t=21.850s reward=+0.647034 done=0 raw_action=[+0.475628, -1.000000, +1.000000, +1.000000, +1.000000, +0.462859, -0.514121, +0.980454, +0.278464, -1.000000, +0.256776, -0.056423, +0.560829, -1.000000, +0.133898, -0.228382, -0.595653, +0.132621, +0.041971, +0.637030, -0.244996]
frame=438 t=21.900s reward=+1.033751 done=0 raw_action=[+0.800960, -1.000000, +1.000000, +1.000000, +0.944082, +1.000000, -0.803278, +1.000000, +0.668321, -0.901031, -0.277569, +0.458477, +1.000000, -0.715914, +0.219649, +0.012553, -0.520949, +0.200666, -0.126262, +0.558154, -0.487011]
frame=439 t=21.950s reward=+0.991473 done=0 raw_action=[+0.651380, -1.000000, +1.000000, +1.000000, +1.000000, +1.000000, -1.000000, +0.657952, +0.913767, -0.930294, -0.647501, +1.000000, +0.492682, -0.934654, -0.068013, +0.104289, +0.090186, +0.537122, -0.539709, -0.017634, -0.729471]
frame=440 t=22.000s reward=+0.997147 done=0 raw_action=[+0.458422, -1.000000, +1.000000, +0.287043, +1.000000, +0.436174, -1.000000, +0.475054, -0.320610, -0.667100, -0.725557, +0.610285, -0.149016, -0.186310, +0.563208, +0.221874, +1.000000, -0.045933, +0.036820, -0.439106, -0.889737]
frame=441 t=22.050s reward=+0.154296 done=0 raw_action=[-0.057836, -0.449776, -0.558160, -0.653011, +1.000000, +0.655828, -0.890412, +0.070235, -0.894653, -0.075783, -0.617311, -0.887121, -0.287021, +0.470344, -0.104385, +0.091289, +0.959150, -1.000000, -0.668467, -0.721412, -0.216844]
frame=442 t=22.100s reward=+1.015474 done=0 raw_action=[-0.492223, -0.423899, -1.000000, -1.000000, +1.000000, +0.663070, -0.446732, -0.047759, -0.953953, +0.839026, -0.333442, -1.000000, +0.452918, +0.698275, -0.337906, -0.107982, +0.284806, -1.000000, -0.717924, -0.454473, +0.840998]
frame=443 t=22.150s reward=+0.999329 done=0 raw_action=[+0.244932, -0.069329, -1.000000, -1.000000, +1.000000, +0.670310, -0.968968, -0.488985, -1.000000, +1.000000, -0.061246, -0.627224, +0.909324, -0.311298, -0.264010, -0.609700, -0.361774, -0.614803, -0.773232, -0.526296, +0.883769]
frame=444 t=22.200s reward=+1.048894 done=0 raw_action=[+0.088353, +0.251161, -1.000000, -1.000000, +1.000000, +0.568942, -1.000000, -0.936415, -0.904750, +1.000000, +0.341538, -0.129524, +0.864433, -0.100542, -0.073995, -0.744442, -0.377383, -0.141389, -0.731065, -0.026351, +0.765981]
frame=445 t=22.250s reward=+0.933198 done=0 raw_action=[-0.097223, +0.188908, -1.000000, -1.000000, +1.000000, +0.453028, -1.000000, -1.000000, -0.234968, +1.000000, +0.083045, +0.110676, +0.215199, -0.191618, -0.496810, -1.000000, +0.109289, +0.085072, -0.666026, +0.888022, +0.188134]
frame=446 t=22.300s reward=+1.015013 done=0 raw_action=[-0.258988, -0.193572, -1.000000, -0.726481, +1.000000, +0.571588, -0.509806, -1.000000, -0.013120, +1.000000, -0.345475, +0.022624, +0.255658, +0.286545, -0.878996, -0.963712, +0.439438, +0.765416, -0.055978, +1.000000, -0.341872]
frame=447 t=22.350s reward=+0.560315 done=0 raw_action=[-0.354248, +0.312747, -1.000000, -0.375630, +1.000000, +0.087652, +0.855454, -1.000000, +0.097352, +0.956715, -1.000000, +0.475337, -0.379270, +0.318087, -1.000000, -1.000000, +1.000000, +0.693673, +0.327359, +1.000000, -0.106013]
frame=448 t=22.400s reward=+1.092083 done=0 raw_action=[-0.464930, +0.558855, -0.178533, +0.553670, +0.865754, -0.584091, +1.000000, -1.000000, +0.003608, +1.000000, -1.000000, +0.677542, -0.583016, +0.899487, -1.000000, -1.000000, +0.291801, +0.409905, +1.000000, +0.261081, +0.085795]
frame=449 t=22.450s reward=+1.095449 done=0 raw_action=[+0.031971, -0.201964, +1.000000, +0.823615, +0.630100, +0.226097, +1.000000, -0.175294, -0.340958, +1.000000, -0.936628, +0.876646, -0.745334, +0.814202, -0.323411, -0.401705, -0.714606, +0.240879, +1.000000, -0.723172, -0.337514]
frame=450 t=22.500s reward=+0.856984 done=0 raw_action=[-0.160581, -0.036511, +1.000000, +0.280041, +0.809969, +0.509616, +1.000000, +0.253572, -0.225434, +0.916767, -0.082247, +1.000000, -0.737356, -0.148900, +0.382772, +0.272834, -0.817545, +0.117051, +0.815455, -0.252363, +0.162906]
frame=451 t=22.550s reward=+1.101672 done=0 raw_action=[-0.076014, -0.108770, +1.000000, -0.338288, +0.951166, +0.305499, +1.000000, +0.771542, +1.000000, +0.153655, +0.297402, +0.612044, -0.451026, +0.775027, +0.312833, +0.750118, -0.378030, +0.097457, +0.339026, -0.900868, -1.000000]
frame=452 t=22.600s reward=+1.110772 done=0 raw_action=[+0.085031, +0.301064, +0.692014, -0.916828, +0.948597, +0.135321, +1.000000, -0.075613, +0.960953, +0.118116, -0.145746, -0.030479, -0.244539, +0.571849, +0.395565, +0.470668, -0.159167, +0.309504, +0.470374, -0.263493, -0.063517]
frame=453 t=22.650s reward=-0.985861 done=0 raw_action=[+0.102818, +0.584134, -0.000080, -0.917926, +0.961675, +0.008883, +1.000000, +0.274182, +0.248670, -0.834850, +0.731237, -0.331389, -0.173464, +0.519357, +0.343610, +0.505063, -0.560348, -0.520107, -0.220947, -0.449791, +0.160570]
frame=454 t=22.700s reward=+1.097822 done=0 raw_action=[-0.319950, +0.754713, -1.000000, -1.000000, +0.864411, -1.000000, +1.000000, +0.766667, +0.357684, -0.698245, -0.016147, -0.167999, -0.102503, +0.337172, +0.227176, +0.544482, +0.045581, -0.540114, +0.148882, -0.454062, +0.147224]
frame=455 t=22.750s reward=+1.085021 done=0 raw_action=[+0.819789, +0.571827, -0.327048, -0.897716, +1.000000, -0.241804, +0.030160, +0.706423, -0.251091, -1.000000, +1.000000, -0.270100, -0.257678, -0.355088, +0.959316, +0.190223, -0.709141, -0.151771, -0.128948, +0.222736, +0.182289]
frame=456 t=22.800s reward=+0.353043 done=0 raw_action=[+0.232158, +0.761372, +0.250821, -0.596667, +1.000000, +0.398274, -0.081604, -0.179311, +0.309294, -1.000000, +1.000000, -0.958400, -0.179714, +0.073329, +0.587620, +0.308449, -0.926641, +0.403379, +0.086080, +0.239272, +0.462682]
frame=457 t=22.850s reward=+0.923651 done=0 raw_action=[-0.062815, +0.662049, +0.517215, -0.525417, +1.000000, -1.000000, +0.654002, -0.110428, -0.063941, -1.000000, +0.987228, -0.665596, +0.523912, -0.526326, +0.652511, +0.074674, -0.146030, -0.374458, +0.195952, -0.031411, -0.133093]
frame=458 t=22.900s reward=+1.037296 done=0 raw_action=[+0.909658, +0.358359, +1.000000, +0.432055, +1.000000, -0.617611, -0.201038, +0.629643, +0.012235, -1.000000, +1.000000, -0.425654, +0.155926, -0.589574, +0.517635, -0.435851, -0.581374, -0.188105, -0.312786, +0.090334, +0.337791]
frame=459 t=22.950s reward=+1.049616 done=0 raw_action=[+0.761734, -0.747837, +1.000000, +1.000000, +1.000000, +0.854555, +0.048042, +0.054443, +0.762169, -1.000000, +0.912426, -1.000000, +0.268930, -0.553211, -0.421415, +0.166837, -0.920705, +0.434809, +0.275667, +0.836062, -0.010241]
frame=460 t=23.000s reward=-0.239812 done=0 raw_action=[+0.905151, -1.000000, +1.000000, +1.000000, +0.949224, +1.000000, -1.000000, -0.036455, +0.959938, -0.891346, -0.124602, -0.004802, +0.239988, -1.000000, -0.371926, +0.037929, -0.551768, +0.838924, -0.328762, +0.592752, -0.000498]
frame=461 t=23.050s reward=+1.035528 done=0 raw_action=[+0.547511, -1.000000, +1.000000, +0.164080, +1.000000, +0.855331, -1.000000, +0.196151, +0.291831, -0.782128, -0.931343, +0.714461, +0.042979, -0.983414, +0.228053, -0.320794, +0.994939, +0.313969, -0.052132, +0.051567, -0.209756]
frame=462 t=23.100s reward=+1.043305 done=0 raw_action=[+0.577055, -0.841203, +1.000000, +0.308175, +1.000000, +0.678519, -1.000000, +0.577225, -0.454988, -0.737646, -0.484416, +0.533033, -0.191185, -0.322639, +0.251561, +0.096634, +0.881836, -0.075047, -0.208408, -0.603208, -0.599832]
frame=463 t=23.150s reward=+1.019734 done=0 raw_action=[-0.128805, -0.714563, -0.521097, -0.285358, +1.000000, +0.561192, -1.000000, +0.624857, -0.530244, +0.168474, -0.756608, -0.551105, -0.301368, +0.192337, -0.286051, +0.065188, +0.633959, -0.985152, -0.623887, -0.555689, +0.081961]
frame=464 t=23.200s reward=-0.032766 done=0 raw_action=[-0.249762, -0.320776, -1.000000, -0.799115, +1.000000, +0.667376, -1.000000, +0.178976, -1.000000, +0.706302, -0.381699, -0.569619, +0.226386, -0.032279, -0.076996, -0.172789, +0.151000, -0.906468, -0.205483, -0.332211, +0.302851]
frame=465 t=23.250s reward=+0.999401 done=0 raw_action=[-0.351975, -0.260776, -1.000000, -1.000000, +1.000000, +0.365717, -1.000000, +0.019176, -1.000000, +1.000000, -0.420759, -0.276607, +0.751942, -0.103315, -0.594590, -0.560642, -0.320153, -0.659181, -1.000000, -0.376669, +0.661589]
frame=466 t=23.300s reward=+0.972767 done=0 raw_action=[+0.103829, +0.106095, -1.000000, -0.620303, +1.000000, +0.697319, -1.000000, -0.740037, -1.000000, +1.000000, +0.303360, +0.223502, +0.754578, -0.391249, -0.129192, -0.572170, -0.304873, -0.098619, -0.693998, +0.265460, +0.883030]
frame=467 t=23.350s reward=+0.755800 done=0 raw_action=[-0.130268, +0.123527, -1.000000, -0.739113, +1.000000, +0.491985, -1.000000, -1.000000, -0.429036, +1.000000, -0.083411, +0.265676, +0.469743, +0.251135, -0.650151, -1.000000, +0.173942, +0.462864, -0.462696, +0.984937, +0.030452]
frame=468 t=23.400s reward=+0.523990 done=0 raw_action=[-0.166184, +0.173387, -1.000000, -0.779324, +1.000000, +0.360999, -0.301746, -1.000000, +0.036885, +1.000000, -0.968986, +0.260864, +0.359447, +0.219858, -1.000000, -1.000000, +0.518191, +0.438700, -0.197895, +1.000000, -0.323291]
frame=469 t=23.450s reward=+1.000771 done=0 raw_action=[-0.663223, +0.593044, -0.840236, -0.063873, +1.000000, +0.163531, +1.000000, -1.000000, +0.193442, +1.000000, -1.000000, +0.323848, -0.349990, +0.953065, -1.000000, -1.000000, +0.875456, +0.937629, +0.960419, +1.000000, +0.282734]
frame=470 t=23.500s reward=+0.920047 done=0 raw_action=[-0.116053, +0.075240, +0.640863, +0.583848, +0.497285, -0.137597, +1.000000, -1.000000, -0.456622, +1.000000, -1.000000, +1.000000, -0.634700, +0.886885, -0.473943, -0.837811, +0.113800, +0.085904, +1.000000, +0.192607, -0.081442]
frame=471 t=23.550s reward=+0.981025 done=0 raw_action=[-0.022969, -0.396866, +1.000000, +0.547926, +0.270121, +0.173401, +1.000000, +0.327884, -0.143448, +0.684541, -0.231421, +1.000000, -0.601509, +0.270006, +0.090067, -0.004324, -0.291638, +0.352602, +1.000000, -0.869466, -0.552057]
frame=472 t=23.600s reward=+0.739936 done=0 raw_action=[-0.058275, +0.041384, +1.000000, +0.005386, +0.510575, +0.154916, +1.000000, +0.250986, +0.924681, +0.886690, -0.025962, +0.859129, -0.826626, +0.245935, -0.098461, +0.067840, -0.963432, +0.005440, +0.834628, -0.427102, -0.175083]
frame=473 t=23.650s reward=+0.950459 done=0 raw_action=[+0.322730, +0.177182, +1.000000, -0.306586, +0.876944, +0.698721, +1.000000, -0.023065, +0.461846, +0.371964, +0.730947, +0.273210, -0.298965, +0.185917, +0.416840, +0.753744, -1.000000, +0.279264, +0.384318, -0.342266, -0.180708]
frame=474 t=23.700s reward=+1.082744 done=0 raw_action=[-0.530968, +0.617481, +0.402722, -0.657105, +1.000000, +0.029577, +1.000000, +0.312341, +0.288445, +0.228132, +0.123134, -0.181690, -0.214870, +0.404636, +0.017594, +0.428428, -0.589626, -0.186268, -0.049119, -0.825117, -0.468780]
frame=475 t=23.750s reward=+1.082320 done=0 raw_action=[+0.126596, +0.390062, -0.436711, -1.000000, +1.000000, -0.236467, +1.000000, +0.492081, +0.299183, -0.782063, +0.386962, -0.109802, -0.335301, +0.233733, +0.501431, +0.507389, -0.256902, -0.817351, -0.104941, -0.325475, -0.391976]
frame=476 t=23.800s reward=+1.092003 done=0 raw_action=[+0.446244, +0.331909, -0.653494, -0.712276, +1.000000, -0.294105, +0.626081, +0.416723, +0.001468, -1.000000, +0.743863, -0.114096, -0.419142, +0.137027, +0.751737, +0.600898, -0.567138, +0.055109, -0.153773, +0.007672, +0.237380]
frame=477 t=23.850s reward=+1.144944 done=0 raw_action=[-0.094409, +0.626078, -0.473097, -0.828674, +1.000000, -0.438364, +0.167716, +0.499610, +0.007843, -1.000000, +0.846966, -0.422210, -0.107163, -0.036683, +0.796634, +0.268084, -0.233191, -0.271540, -0.005834, -0.124810, +0.408321]
frame=478 t=23.900s reward=+0.424030 done=0 raw_action=[+0.142632, +0.630806, +0.147371, -0.535557, +1.000000, -0.363657, -0.196690, +0.683968, +0.208139, -1.000000, +0.848234, -0.558402, +0.169111, +0.024127, +0.884899, +0.039947, -0.340448, -0.051363, +0.090221, -0.241872, +0.353218]
frame=479 t=23.950s reward=+1.095425 done=0 raw_action=[+0.354181, +0.719005, +0.338922, -0.380926, +1.000000, -1.000000, +0.561653, -0.185457, +0.267865, -1.000000, +0.670356, -0.874162, +0.141268, -0.514706, +0.527879, -0.225467, -0.055253, -0.197701, -0.333689, +0.030752, -0.120120]
frame=480 t=24.000s reward=+1.094541 done=0 raw_action=[+0.782075, +0.173370, +1.000000, +0.580740, +1.000000, +0.622682, +0.066282, -0.348816, +0.559355, -1.000000, +1.000000, -1.000000, +0.293074, -0.918378, -0.394768, +0.031639, -0.392794, +0.233707, +0.099399, +0.454085, -0.256364]
frame=481 t=24.050s reward=+1.074951 done=0 raw_action=[+0.627545, -0.988480, +1.000000, +1.000000, +1.000000, +0.209889, -0.231469, +0.880000, -0.141672, -0.970308, +0.311636, -0.085127, +0.781476, -1.000000, +0.109033, +0.003846, -0.422282, +0.300156, +0.024179, +0.469985, +0.101266]
frame=482 t=24.100s reward=+0.426969 done=0 raw_action=[+0.161155, -1.000000, +1.000000, +0.600905, +0.985525, +1.000000, -1.000000, +0.162190, +1.000000, -0.845774, -0.627940, +0.039440, +0.222760, -0.430494, +0.196438, -0.337692, +0.357920, +0.165181, -0.543113, +0.230836, -0.287298]
frame=483 t=24.150s reward=+0.984953 done=0 raw_action=[-0.129512, -1.000000, +1.000000, +0.404488, +1.000000, +0.926795, -1.000000, +0.611862, +0.955068, -0.747115, -0.684469, +0.255866, +0.359581, -0.143756, +0.127471, +0.269762, +1.000000, -0.031885, +0.023924, +0.142814, -0.123870]
frame=484 t=24.200s reward=+1.076652 done=0 raw_action=[+0.267579, -0.845490, +0.770410, +0.095138, +1.000000, +0.533126, -1.000000, +0.318286, -0.779091, -0.426639, -0.320412, +0.095759, -0.096070, -0.849416, +0.178471, +0.294805, +0.693251, -0.090746, -0.259871, -0.417660, -0.437880]
frame=485 t=24.250s reward=+0.457810 done=0 raw_action=[-0.428143, -0.281009, -0.890325, -0.416826, +1.000000, +0.446451, -1.000000, +0.398836, -0.363390, +0.200379, -0.773008, -0.678599, +0.169124, +0.346733, -0.086221, +0.006491, +0.365627, -0.686831, -0.667732, -0.677625, +0.016900]
frame=486 t=24.300s reward=+1.013243 done=0 raw_action=[-0.335730, -0.266454, -1.000000, -1.000000, +1.000000, +0.432608, -0.929812, +0.391694, -0.989262, +0.961380, -0.387425, -0.429283, +0.430067, +0.092872, -0.438800, -0.375719, -0.123668, -0.825190, -0.888544, -0.339789, +0.433427]
frame=487 t=24.350s reward=+1.045550 done=0 raw_action=[+0.215351, +0.316574, -1.000000, -0.931649, +1.000000, +0.681797, -0.993309, -0.685432, -1.000000, +0.999668, +0.111956, -0.030837, +0.663470, -0.188332, +0.034952, -0.633360, -0.532389, -0.483873, -0.515642, -0.060968, +1.000000]
frame=488 t=24.400s reward=+0.108786 done=0 raw_action=[-0.065816, +0.109021, -1.000000, -0.704869, +1.000000, +0.623409, -1.000000, -1.000000, -0.939381, +1.000000, +0.364755, +0.093034, +0.514480, +0.094783, -0.474416, -0.819918, -0.346116, +0.393365, -0.757436, +0.436559, +0.584396]
frame=489 t=24.450s reward=+0.673744 done=0 raw_action=[-0.353772, +0.048108, -1.000000, -0.861824, +1.000000, +0.499103, -0.648673, -1.000000, -0.277531, +1.000000, -0.444258, +0.353602, +0.271300, +0.301906, -1.000000, -1.000000, +0.651323, +0.660758, -0.122705, +1.000000, +0.194020]
frame=490 t=24.500s reward=+0.825160 done=0 raw_action=[-0.489766, +0.487438, -1.000000, -0.671550, +1.000000, -0.001255, +0.462475, -1.000000, +0.364923, +1.000000, -1.000000, +0.739939, -0.144981, +0.465994, -1.000000, -1.000000, +1.000000, +0.974616, +0.615084, +1.000000, -0.419529]
frame=491 t=24.550s reward=+1.021625 done=0 raw_action=[-0.290041, +0.448655, -0.118571, +0.314298, +0.696709, -0.489096, +1.000000, -1.000000, +0.014369, +1.000000, -1.000000, +1.000000, -0.524479, +0.656746, -0.714103, -1.000000, +1.000000, +0.274118, +1.000000, +0.861224, -0.039141]
frame=492 t=24.600s reward=+1.022794 done=0 raw_action=[-0.133114, -0.182884, +1.000000, +0.879027, +0.227778, +0.161493, +1.000000, -0.302822, -0.481816, +0.673159, -0.911888, +1.000000, -0.532538, +0.763339, -0.101248, -0.581339, -0.413487, +0.139671, +1.000000, -0.623999, -0.399721]
frame=493 t=24.650s reward=+0.818829 done=0 raw_action=[+0.118077, -0.306546, +1.000000, -0.059412, +0.284174, +0.221210, +1.000000, +0.325216, +0.197090, +0.755318, +0.202511, +0.851958, -0.591110, +0.044756, +0.106511, +0.243890, -1.000000, -0.027120, +0.741215, -0.937473, -0.636578]
frame=494 t=24.700s reward=+1.076665 done=0 raw_action=[-0.200841, +0.005664, +1.000000, -0.440955, +0.765666, +0.113623, +1.000000, +0.660792, +0.938723, +0.466473, +0.243630, +0.423996, -0.506888, +0.417336, +0.322976, +0.231191, -1.000000, -0.293129, +0.494568, -0.617609, -0.485094]
frame=495 t=24.750s reward=+1.110348 done=0 raw_action=[+0.230991, +0.130097, +0.524047, -0.723389, +1.000000, -0.082611, +1.000000, -0.211220, +0.401329, +0.023726, +0.453629, -0.175813, -0.723268, +0.228365, +0.218318, +0.541933, -1.000000, -0.001792, -0.275842, -0.549127, -0.320952]
frame=496 t=24.800s reward=+1.097239 done=0 raw_action=[+0.185628, +0.347263, -0.264210, -0.680351, +1.000000, -0.085341, +1.000000, +0.288512, +0.002444, -0.498718, +0.555617, -0.264695, -0.226042, +0.275562, +0.728971, +0.486684, -0.561933, -0.278591, -0.082550, -0.355758, +0.125660]
frame=497 t=24.850s reward=+1.092179 done=0 raw_action=[-0.305554, +0.725748, -0.988632, -0.992131, +1.000000, -0.673606, +1.000000, +0.841641, +0.148753, -0.735615, +0.067347, -0.252726, -0.119434, +0.344431, +0.473285, +0.113533, +0.092538, -0.191146, +0.051385, -0.359967, +0.052793]
frame=498 t=24.900s reward=+1.127297 done=0 raw_action=[+0.089858, +0.496313, -0.353585, -1.000000, +1.000000, -0.166138, +0.156261, +0.506638, +0.211972, -1.000000, +0.933421, -0.489650, -0.109271, +0.445255, +0.610121, +0.582229, +0.069093, -0.306637, +0.066503, +0.274553, +0.032183]
frame=499 t=24.950s reward=+1.108505 done=0 raw_action=[+0.823822, +0.549262, +0.361910, -0.786320, +1.000000, -0.116717, +0.006875, -0.359556, -0.054730, -1.000000, +1.000000, -0.976405, +0.004946, -0.399514, +0.603436, +0.351430, -0.528826, -0.060823, -0.345313, -0.132920, +0.360267]
frame=500 t=25.000s reward=-0.044471 done=0 raw_action=[+0.270608, +0.903960, +0.609274, -0.499535, +1.000000, -0.777962, -0.016157, +0.149432, +0.202079, -1.000000, +0.984023, -0.857282, +0.565450, -0.615675, +0.828666, -0.113099, +0.044636, +0.284062, -0.176354, +0.109989, +0.108547]
frame=501 t=25.050s reward=+1.047053 done=0 raw_action=[+0.513289, +0.654022, +0.846474, +0.224166, +1.000000, -1.000000, +0.889588, +0.046949, +0.105334, -1.000000, +0.576386, -1.000000, +0.594524, -0.609017, +0.432452, -0.224134, +0.486816, -0.499955, +0.221219, +0.797557, -0.168900]
frame=502 t=25.100s reward=+1.016902 done=0 raw_action=[+0.437960, -1.000000, +1.000000, +1.000000, +1.000000, +1.000000, -0.380497, +0.233691, +0.657471, -1.000000, +0.403123, -0.655011, +0.260557, -0.820771, -0.375637, -0.091291, -0.753982, +0.567296, -0.359023, +0.374629, -0.223005]
frame=503 t=25.150s reward=+0.801711 done=0 raw_action=[+0.379363, -1.000000, +1.000000, +1.000000, +0.825131, +1.000000, -1.000000, +0.370843, +1.000000, -0.844651, -0.419900, +0.365770, +0.793162, -1.000000, +0.005060, +0.106173, +0.176597, +0.820671, -0.072843, +0.637411, +0.159777]
frame=504 t=25.200s reward=+1.036327 done=0 raw_action=[+0.445615, -1.000000, +1.000000, +0.776886, +1.000000, +1.000000, -1.000000, +0.633531, +0.641348, -0.837700, -0.636533, +0.808126, +0.134384, -0.442909, +0.040213, +0.235110, +0.803837, +0.028955, -0.121234, -0.189148, +0.016954]
frame=505 t=25.250s reward=+1.049003 done=0 raw_action=[+0.232850, -1.000000, +1.000000, +0.545763, +1.000000, +0.533831, -1.000000, +0.711237, -0.302957, -0.636703, -0.877958, +0.469371, -0.264377, -0.436081, +0.086627, +0.057413, +0.853694, -0.322089, -0.503006, -0.562002, -0.470183]
frame=506 t=25.300s reward=-1.263036 done=0 raw_action=[-0.362570, -0.515249, -0.378047, -0.442653, +1.000000, +0.560063, -1.000000, +0.639995, -0.684363, +0.029393, -0.936121, -0.426185, -0.343488, +0.240704, -0.124944, -0.071059, +0.939899, -0.657756, -0.373071, -0.326542, -0.058060]
frame=507 t=25.350s reward=+1.038927 done=0 raw_action=[-0.170399, -0.258508, -1.000000, -1.000000, +1.000000, +0.732083, -0.985403, +0.205327, -1.000000, +1.000000, -0.335708, -0.855128, +0.315637, +0.180096, -0.473811, -0.086490, +0.029658, -1.000000, -0.476371, -0.531527, +0.777917]
frame=508 t=25.400s reward=+1.056899 done=0 raw_action=[+0.219242, +0.475050, -1.000000, -1.000000, +1.000000, +0.811897, -1.000000, -0.491545, -1.000000, +1.000000, +0.377897, -0.164271, +1.000000, -0.195067, +0.039112, -0.378749, -0.739897, -0.518982, -0.721633, -0.794161, +0.735783]
frame=509 t=25.450s reward=+0.714628 done=0 raw_action=[-0.077564, +0.137752, -1.000000, -1.000000, +1.000000, +0.854981, -1.000000, -0.654711, -0.701165, +1.000000, +0.601340, -0.004765, +0.553628, +0.162309, -0.137289, -0.627984, -0.479617, -0.123318, -0.328471, +0.354339, +0.583580]
frame=510 t=25.500s reward=+0.581113 done=0 raw_action=[-0.097607, -0.063779, -1.000000, -0.989894, +1.000000, +0.720081, -1.000000, -1.000000, -0.571467, +1.000000, +0.690955, +0.235621, +0.294693, -0.032834, -0.689099, -0.700675, -0.208310, +0.211864, -0.300640, +1.000000, -0.124113]
frame=511 t=25.550s reward=+0.931325 done=0 raw_action=[-0.723259, -0.046784, -1.000000, -0.375605, +1.000000, +0.169790, -0.319574, -1.000000, +0.642873, +1.000000, -1.000000, +0.627615, +0.026750, +0.123455, -1.000000, -1.000000, +1.000000, +1.000000, -0.029515, +1.000000, -0.888495]
frame=512 t=25.600s reward=+1.044363 done=0 raw_action=[-0.691604, +0.898085, -0.743408, +0.007144, +1.000000, -0.309757, +1.000000, -1.000000, +0.138516, +1.000000, -1.000000, +0.924859, -0.821951, +0.782121, -1.000000, -1.000000, +1.000000, +0.893635, +0.996768, +1.000000, +0.304470]
frame=513 t=25.650s reward=+0.949331 done=0 raw_action=[+0.003017, +0.576312, +0.436672, +0.633255, +0.893617, -0.176016, +1.000000, -1.000000, -1.000000, +0.750016, -1.000000, +1.000000, -0.926638, +0.895427, -0.752556, -1.000000, +0.518023, +0.249153, +1.000000, +0.187617, +0.317684]
frame=514 t=25.700s reward=+1.016447 done=0 raw_action=[-0.132029, -0.415786, +1.000000, +0.706640, +0.455957, +0.026949, +1.000000, +0.184975, -0.445898, +0.951812, -0.706469, +0.938217, -0.548983, +0.811580, +0.013740, -0.511407, -0.980632, +0.326195, +1.000000, -1.000000, -0.416122]
frame=515 t=25.750s reward=+0.865271 done=0 raw_action=[+0.333854, -0.474616, +1.000000, -0.361532, +0.611015, +0.458745, +1.000000, -0.040333, +0.727940, +1.000000, +0.259057, +0.749169, -0.785955, +0.245073, +0.262143, +0.440618, -1.000000, +0.099112, +0.719260, -0.559602, -0.280854]
frame=516 t=25.800s reward=+1.066836 done=0 raw_action=[-0.346393, -0.053877, +1.000000, -0.591914, +0.819249, +0.061246, +1.000000, +0.633352, +0.857946, +0.477445, +0.314476, +0.464737, -0.273472, +0.050281, +0.301571, +0.610690, -0.470940, -0.068605, +0.372936, -0.549793, -0.449529]
frame=517 t=25.850s reward=+1.006713 done=0 raw_action=[+0.088484, +0.320884, +0.045321, -0.675921, +1.000000, -0.518628, +1.000000, +0.550264, +0.226432, -0.271728, +0.138364, -0.226731, -0.294057, +0.045025, +0.150831, +0.164291, -0.719957, -0.633028, -0.203781, -0.632465, -0.762801]
frame=518 t=25.900s reward=-0.077233 done=0 raw_action=[+0.331186, +0.547448, -0.502640, -0.454871, +1.000000, +0.413346, +0.779176, +0.222139, +0.332843, -1.000000, +0.563121, -0.613795, -0.352075, +0.499789, +0.352251, +0.298459, -0.672725, -0.201576, -0.165211, -0.037801, +0.265774]
frame=519 t=25.950s reward=+1.106724 done=0 raw_action=[-0.540133, +0.675363, -1.000000, -1.000000, +0.939163, -1.000000, +1.000000, +0.556553, +0.069140, -0.892864, +0.178418, -0.375421, +0.209465, -0.000594, +0.705187, +0.434372, +0.464127, -0.217816, +0.204046, -0.248771, +0.008453]
frame=520 t=26.000s reward=+1.107336 done=0 raw_action=[+0.804741, +0.498334, -0.163309, -1.000000, +1.000000, +0.292520, -0.113056, +0.147252, +0.148702, -1.000000, +1.000000, -0.643021, +0.015672, +0.415470, +0.746153, +0.399922, -0.656066, -0.163336, -0.142850, -0.232714, +0.298837]
frame=521 t=26.050s reward=+1.111795 done=0 raw_action=[+0.207379, +0.667356, +0.084298, -1.000000, +1.000000, -0.875872, +0.229591, +0.241184, +0.238276, -1.000000, +1.000000, -0.565350, +0.039517, -0.257169, +0.741210, +0.275604, -0.050595, -0.062649, -0.433341, +0.162818, +0.222571]
frame=522 t=26.100s reward=+1.094339 done=0 raw_action=[+0.347936, +0.782544, +0.816752, -0.432496, +1.000000, -0.464013, +0.353230, -0.243787, +0.414974, -1.000000, +1.000000, -1.000000, +0.264194, -0.709661, +0.377185, -0.111732, -0.309779, -0.016080, -0.109447, +0.015687, -0.259868]
frame=523 t=26.150s reward=+1.077041 done=0 raw_action=[+0.248699, +0.361350, +1.000000, +0.523872, +1.000000, +0.008375, +0.020445, +0.470179, +0.246930, -1.000000, +0.762196, -0.902326, +0.626229, -0.979697, +0.104017, -0.253437, +0.114541, +0.243429, +0.157288, +0.493564, -0.108292]
frame=524 t=26.200s reward=+0.830784 done=0 raw_action=[+0.776608, -1.000000, +1.000000, +1.000000, +1.000000, +0.095449, +0.165598, +1.000000, -0.007256, -0.962435, +0.198521, -0.051444, +0.774246, -0.770731, +0.168248, +0.034991, -0.299760, -0.242624, -0.021526, +0.899691, -0.231399]
frame=525 t=26.250s reward=+0.153180 done=0 raw_action=[+0.498274, -1.000000, +1.000000, +1.000000, +1.000000, +1.000000, -1.000000, -0.021995, +1.000000, -0.925199, -0.959702, +0.269448, +0.342658, -0.556004, +0.138528, -0.398177, -0.013172, +0.390346, -0.614893, -0.133854, +0.074107]
frame=526 t=26.300s reward=+1.014460 done=0 raw_action=[+0.242864, -1.000000, +1.000000, +1.000000, +1.000000, +1.000000, -1.000000, +1.000000, +0.968840, -0.706593, -0.684138, +0.679308, +0.562054, -0.333658, +0.033413, +0.680989, +0.559755, +0.472898, +0.055826, +0.025751, -0.006308]
frame=527 t=26.350s reward=-0.487603 done=0 raw_action=[+0.026623, -1.000000, +0.710538, +0.032961, +1.000000, +0.615406, -1.000000, +0.250900, -0.324810, -0.357212, -0.565739, +0.076071, -0.435478, +0.030709, -0.066854, +0.324427, +1.000000, -0.141298, -0.201228, -0.425682, -0.058293]
frame=528 t=26.400s reward=-0.336386 done=0 raw_action=[-0.492302, -0.442672, -1.000000, -1.000000, +1.000000, +0.746949, -1.000000, +0.180445, -0.888040, +0.500462, -0.508609, -0.736068, -0.336605, +0.539157, -0.344184, -0.090595, +1.000000, -0.917066, -0.249359, -0.227429, +0.682370]
frame=529 t=26.450s reward=+1.013926 done=0 raw_action=[-0.501272, -0.414609, -1.000000, -1.000000, +1.000000, +0.398539, -1.000000, +0.173247, -0.823004, +1.000000, -0.462480, -0.665413, +0.715747, -0.012513, -0.437505, -0.349309, +0.009950, -0.650086, -0.523407, -0.591511, +0.654367]
frame=530 t=26.500s reward=+0.974438 done=0 raw_action=[+0.609788, -0.034559, -1.000000, -1.000000, +1.000000, +0.666053, -1.000000, -0.448895, -1.000000, +1.000000, +0.453928, -0.167636, +0.970485, -0.800163, +0.210643, -0.317033, -0.707058, -0.112380, -0.634155, -0.158839, +0.994981]
frame=531 t=26.550s reward=+0.959651 done=0 raw_action=[-0.034324, -0.050215, -1.000000, -1.000000, +1.000000, +0.717960, -1.000000, -1.000000, -0.937689, +1.000000, +0.472116, -0.063437, +0.627229, -0.105550, -0.586702, -0.715301, -0.563738, +0.133124, -0.759370, +0.583703, +0.482590]
frame=532 t=26.600s reward=+1.002298 done=0 raw_action=[-0.393630, +0.139238, -1.000000, -0.656069, +1.000000, +0.200115, -1.000000, -1.000000, -0.025740, +1.000000, -0.551299, +0.301728, +0.119881, -0.182036, -1.000000, -1.000000, +0.639424, +0.419973, -0.558328, +0.903425, -1.000000]
frame=533 t=26.650s reward=+0.952750 done=0 raw_action=[-0.319951, +0.153547, -1.000000, -0.587810, +1.000000, +0.516562, +0.445205, -1.000000, -0.110717, +1.000000, -1.000000, +0.445206, -0.752672, +0.554117, -1.000000, -1.000000, +1.000000, +0.857647, +0.707084, +1.000000, +0.218737]
frame=534 t=26.700s reward=+1.095572 done=0 raw_action=[-0.711581, +0.808370, -0.267940, +0.583089, +0.980783, -0.124351, +1.000000, -1.000000, -0.410800, +1.000000, -1.000000, +0.829679, -0.601696, +1.000000, -1.000000, -1.000000, +0.622780, +0.652675, +1.000000, +0.694777, +0.146065]
frame=535 t=26.750s reward=+0.811898 done=0 raw_action=[-0.085194, +0.050841, +1.000000, +0.546826, +0.583457, -0.350336, +1.000000, -0.125218, -0.410723, +0.911127, -1.000000, +1.000000, -0.675876, +0.621083, -0.400045, -0.685547, -0.184690, -0.177135, +1.000000, -0.805058, -0.796332]
frame=536 t=26.800s reward=+0.935781 done=0 raw_action=[+0.302944, +0.099378, +1.000000, -0.093774, +0.600915, +0.513384, +1.000000, -0.606480, +0.224281, +1.000000, -0.234275, +0.906471, -0.825002, +0.549434, +0.106478, -0.027142, -1.000000, +0.238788, +0.974638, -0.129723, +0.347165]
frame=537 t=26.850s reward=+1.081254 done=0 raw_action=[-0.132830, +0.135152, +1.000000, -0.294707, +0.856167, +0.536468, +1.000000, +0.331343, +0.681361, +0.750725, +0.749936, +0.473406, -0.298977, +0.195529, +0.101728, +1.000000, -0.829334, +0.357753, +0.118736, -0.661772, -0.586214]
frame=538 t=26.900s reward=+1.014979 done=0 raw_action=[-0.011545, +0.245994, +0.785757, -0.607031, +1.000000, +0.301702, +1.000000, -0.003462, +0.405086, -0.057340, +0.689064, -0.112359, -0.427155, +0.717485, +0.486473, +0.626427, -0.967501, -0.046026, +0.088567, -0.515942, -0.516617]
frame=539 t=26.950s reward=+0.572386 done=0 raw_action=[-0.275551, +0.487980, -0.554909, -1.000000, +1.000000, -0.389701, +1.000000, +0.434072, +0.318473, -0.632948, +0.192773, -0.150493, -0.592168, +0.457865, +0.573950, +0.246081, +0.380141, -0.837256, +0.315454, -0.157084, -0.296299]
frame=540 t=27.000s reward=+1.091866 done=0 raw_action=[+0.061495, +0.827712, -1.000000, -1.000000, +1.000000, -0.415752, +0.907102, +0.599994, +0.337718, -1.000000, +0.554194, -0.261367, -0.390008, +0.441294, +0.455498, +0.439294, -0.332367, -0.278136, +0.114013, -0.414252, +0.187474]
frame=541 t=27.050s reward=+0.997790 done=0 raw_action=[+0.569382, +0.471862, -0.010335, -0.664201, +1.000000, +0.185327, -0.425579, +0.248061, -0.153945, -1.000000, +1.000000, -0.508953, -0.116576, -0.128744, +0.813913, +0.709761, -0.944687, +0.480766, -0.279049, -0.161099, +0.789852]
frame=542 t=27.100s reward=+0.173233 done=0 raw_action=[+0.158286, +0.847195, +0.123563, -0.972354, +1.000000, -0.939313, +0.026455, +0.468760, +0.457679, -1.000000, +1.000000, -0.608811, +0.143307, -0.696898, +0.879895, -0.036124, -0.016963, -0.457593, +0.146894, +0.242262, +0.024594]
frame=543 t=27.150s reward=+0.988848 done=0 raw_action=[+0.767737, +0.846901, +0.746365, -0.248906, +1.000000, -0.888179, +0.608500, +0.010541, +0.191916, -1.000000, +1.000000, -0.887138, +0.127555, -0.650342, +0.560157, -0.058083, -0.417491, -0.363935, -0.289069, +0.090225, -0.249429]
frame=544 t=27.200s reward=-1.516859 done=0 raw_action=[+0.768783, +0.120082, +1.000000, +0.958799, +1.000000, +0.505574, +0.017521, -0.271253, +0.238466, -1.000000, +1.000000, -1.000000, -0.098419, -0.748662, +0.102132, -0.253204, -0.549792, +0.343398, -0.037915, +0.461398, +0.177798]
frame=545 t=27.250s reward=+0.873982 done=0 raw_action=[-0.124023, -1.000000, +1.000000, +0.476499, +0.839303, +1.000000, -0.638653, -0.286598, +1.000000, -0.988569, -0.263703, -0.976390, +0.712277, -0.265903, -0.989982, -0.004668, +0.121621, +0.861659, -0.531914, +0.328353, -0.387949]
frame=546 t=27.300s reward=+0.295036 done=0 raw_action=[+0.280436, -1.000000, +1.000000, +0.721673, +0.958443, +0.919077, -1.000000, +0.725741, +0.609448, -0.974936, -0.197680, +0.240680, +0.622990, -1.000000, +0.331532, +0.385174, +0.542131, -0.038458, +0.409270, +0.600689, -0.019966]
frame=547 t=27.350s reward=+0.943417 done=0 raw_action=[+0.212536, -1.000000, +1.000000, +0.917566, +1.000000, +0.562273, -0.864811, +1.000000, -0.311927, -0.790428, -0.592777, +0.901375, +0.061332, -0.828804, +0.140171, +0.030408, +0.566054, +0.237057, -0.569450, -0.063562, -0.202583]
frame=548 t=27.400s reward=+0.953946 done=0 raw_action=[-0.148848, -1.000000, +1.000000, +0.478960, +1.000000, +0.962782, -1.000000, +1.000000, +0.014527, -0.756649, -0.481552, +0.463399, -0.207608, -0.291534, -0.031729, -0.037034, +0.886778, +0.238870, -0.354591, -0.331847, -0.734511]
frame=549 t=27.450s reward=+1.044035 done=0 raw_action=[-0.360744, -0.605174, -0.669917, -0.918907, +1.000000, +0.858297, -0.959552, +0.491584, -1.000000, +0.483139, -0.457328, -0.421343, -0.374978, -0.047047, -0.049047, -0.231581, +0.720138, -1.000000, -0.703851, -0.350929, +0.362861]
frame=550 t=27.500s reward=-0.190100 done=0 raw_action=[+0.001197, -0.014217, -1.000000, -1.000000, +1.000000, +0.943902, -0.685779, -0.702151, -1.000000, +0.950806, -0.014147, -0.629491, +0.320885, +0.304824, +0.249039, -0.727268, -0.174342, -1.000000, -0.524463, -0.380531, +0.935439]
frame=551 t=27.550s reward=+1.011486 done=0 raw_action=[-0.091452, -0.157417, -1.000000, -1.000000, +1.000000, +0.455209, -1.000000, -0.560660, -0.999282, +1.000000, -0.072335, -0.244163, +1.000000, -0.010630, -0.484435, -0.630221, -0.500504, -0.500196, -0.794377, -0.442339, +0.562601]
frame=552 t=27.600s reward=+1.016631 done=0 raw_action=[-0.283397, -0.169826, -1.000000, -0.640232, +1.000000, +0.293994, -1.000000, -0.697890, -0.157688, +1.000000, -0.109113, +0.123865, +0.693081, +0.087017, -0.478908, -0.587155, +0.026207, +0.125023, -0.310819, +0.284455, -0.092499]
frame=553 t=27.650s reward=+0.937237 done=0 raw_action=[-0.048480, +0.003223, -1.000000, -0.337266, +1.000000, +0.165556, -1.000000, -1.000000, -0.231083, +1.000000, -0.433959, +0.437551, +0.260488, -0.113375, -0.551406, -0.861116, +0.574413, +0.183426, -0.532344, +0.780456, -0.498264]
frame=554 t=27.700s reward=+0.771998 done=0 raw_action=[-0.395011, +0.285741, -1.000000, -0.153166, +1.000000, -0.031402, +0.591565, -1.000000, -0.176178, +1.000000, -1.000000, +0.491445, +0.280995, +0.382086, -1.000000, -1.000000, +0.993387, +0.503961, +0.394841, +1.000000, +0.123216]
frame=555 t=27.750s reward=+1.072923 done=0 raw_action=[-0.211621, +0.716562, -0.560948, +0.382051, +1.000000, +0.034915, +1.000000, -1.000000, -0.121076, +1.000000, -1.000000, +0.851587, -0.583319, +1.000000, -0.843523, -1.000000, +0.118383, +0.466983, +0.985190, +1.000000, +0.495634]
frame=556 t=27.800s reward=+0.472433 done=0 raw_action=[-0.324771, -0.328071, +1.000000, +0.707261, +0.507765, +0.069072, +1.000000, +0.085087, -0.315565, +1.000000, -0.802075, +1.000000, -0.611564, +0.817602, +0.027475, -0.306649, -0.419873, +0.671921, +1.000000, -0.606720, -0.165959]
frame=557 t=27.850s reward=+0.759224 done=0 raw_action=[+0.251574, -0.377012, +1.000000, -0.243802, +0.475210, -0.112184, +1.000000, +0.114233, +0.211651, +1.000000, -0.076221, +0.897225, -0.660953, +0.248070, -0.104804, +0.366670, -0.915341, -0.241543, +0.931271, -0.826780, -0.217810]
frame=558 t=27.900s reward=+0.642174 done=0 raw_action=[+0.028378, -0.097188, +1.000000, -0.077627, +0.832950, +0.306690, +1.000000, +0.487396, +0.901160, +0.506103, +0.292868, +0.617007, -0.547804, +0.358419, +0.531691, +0.564667, -0.642789, +0.084486, +0.440528, -0.692706, -0.649054]
frame=559 t=27.950s reward=+0.409475 done=0 raw_action=[-0.294546, +0.242993, +0.819401, -0.602769, +0.972754, +0.004980, +1.000000, +0.952787, +0.363630, +0.070710, +0.182988, -0.003749, +0.121411, +0.031721, +0.680768, +0.459687, -0.562658, -0.102064, -0.165137, -0.936429, -0.713140]
frame=560 t=28.000s reward=+1.073982 done=0 raw_action=[+0.079934, +0.613144, -0.599411, -1.000000, +1.000000, -0.255989, +1.000000, +0.426654, +0.943841, -0.353502, +0.292127, -0.255167, -0.306008, +0.868202, +0.285040, +0.421319, -0.342580, -0.282867, +0.045856, -0.301269, -0.258930]
frame=561 t=28.050s reward=+1.107682 done=0 raw_action=[+0.519680, +0.849710, -1.000000, -1.000000, +1.000000, -0.325100, +1.000000, +0.179887, +0.016031, -1.000000, +0.747059, -0.391172, -0.268977, +0.160774, +0.240133, +0.402913, -0.413565, -0.363843, -0.201358, +0.089099, +0.212351]
frame=562 t=28.100s reward=+1.113845 done=0 raw_action=[+0.063694, +0.597748, -0.349222, -0.973782, +1.000000, -0.072258, -0.003272, +0.512147, +0.042606, -1.000000, +1.000000, -0.633599, +0.218382, +0.172687, +0.727772, +0.431159, -0.574143, +0.165824, +0.055366, -0.002639, +0.374843]
frame=563 t=28.150s reward=+0.979455 done=0 raw_action=[+0.117837, +0.824400, -0.054477, -1.000000, +1.000000, -0.319023, -0.108887, +0.406209, +0.362254, -1.000000, +0.903209, -0.831292, +0.164390, -0.156176, +0.907462, -0.162598, -0.074451, -0.504648, -0.260400, +0.185304, -0.176052]
frame=564 t=28.200s reward=+1.083420 done=0 raw_action=[+0.620434, +0.996127, +0.410022, -0.828543, +1.000000, -0.755163, +0.474703, -0.365393, +0.113284, -1.000000, +1.000000, -0.810734, +0.019164, -0.496957, +0.670077, -0.183725, +0.120036, -0.239200, -0.073841, +0.334908, +0.061572]
frame=565 t=28.250s reward=+1.028810 done=0 raw_action=[+0.311659, +0.645363, +1.000000, +0.234750, +1.000000, -0.428178, -0.066952, -0.039326, -0.268207, -1.000000, +1.000000, -0.998566, +0.362174, -1.000000, +0.464477, -0.136367, -0.203036, +0.204652, -0.472647, +0.052022, +0.191541]
frame=566 t=28.300s reward=+0.804370 done=0 raw_action=[+0.680950, -0.148499, +1.000000, +1.000000, +1.000000, -0.110928, +0.607355, +0.082722, -0.135276, -1.000000, +0.621225, -0.805893, +0.650802, -0.788251, -0.243655, -0.023749, -0.159020, +0.246470, +0.198685, +0.400638, +0.028514]
frame=567 t=28.350s reward=-0.913592 done=0 raw_action=[+0.782019, -1.000000, +1.000000, +1.000000, +0.944031, +1.000000, -0.592752, +0.243647, +1.000000, -0.955338, -0.320152, -0.087059, +0.257747, -1.000000, -0.104302, -0.113558, -0.216953, +0.618001, +0.101489, +1.000000, -0.311467]
frame=568 t=28.400s reward=+0.452710 done=0 raw_action=[+0.367507, -1.000000, +1.000000, +1.000000, +0.890266, +0.932642, -0.474169, +0.822069, +1.000000, -0.958587, -1.000000, +0.768052, +0.984555, +0.139028, -0.045236, +0.157275, +0.115450, +0.341220, -0.312543, -0.173569, -0.116469]
frame=569 t=28.450s reward=+0.883855 done=0 raw_action=[+0.602175, -1.000000, +1.000000, +0.664430, +1.000000, +0.797008, -1.000000, +1.000000, +0.538276, -0.726193, -0.714477, +1.000000, +0.132151, -0.220418, +0.138195, +0.654931, +0.681804, +0.353184, +0.266455, -0.031648, -0.403624]
frame=570 t=28.500s reward=+0.857925 done=0 raw_action=[+0.330144, -1.000000, +1.000000, +0.652146, +1.000000, +0.589159, -1.000000, +0.772944, -0.725185, -0.615102, -0.773521, +0.714593, -0.429681, -0.424405, +0.033276, +0.259365, +0.720601, +0.132861, -0.394912, -0.686633, -0.388901]
frame=571 t=28.550s reward=+1.013646 done=0 raw_action=[-0.071667, -0.397538, -0.555738, -0.765922, +1.000000, +0.730814, -1.000000, +0.438551, -1.000000, +0.445437, -0.635135, -0.548445, -0.551403, -0.035789, +0.053143, +0.066349, +0.728819, -1.000000, -0.404764, -0.638795, +0.330544]
frame=572 t=28.600s reward=+0.975418 done=0 raw_action=[-0.211581, -0.172954, -1.000000, -1.000000, +1.000000, +1.000000, -1.000000, -0.505689, -1.000000, +1.000000, -0.223773, -0.996452, -0.037894, +0.357228, -0.186550, -0.563775, +0.112091, -1.000000, -0.378314, -0.447315, +1.000000]
frame=573 t=28.650s reward=+0.991771 done=0 raw_action=[-0.166556, -0.008382, -1.000000, -1.000000, +1.000000, +0.794452, -1.000000, -0.624695, -1.000000, +1.000000, +0.131801, -0.594247, +1.000000, +0.102181, -0.295029, -0.669242, -0.433040, -0.446356, -0.657699, -0.407448, +0.755646]
frame=574 t=28.700s reward=+0.840404 done=0 raw_action=[+0.131486, +0.051763, -1.000000, -1.000000, +1.000000, +0.857144, -1.000000, -1.000000, -0.771581, +1.000000, +0.728079, -0.118992, +0.830047, -0.156067, -0.096054, -0.566458, -0.312890, -0.243311, -0.543574, +0.220877, +0.542065]
frame=575 t=28.750s reward=+0.916520 done=0 raw_action=[-0.301651, -0.000571, -1.000000, -1.000000, +1.000000, +0.593465, -1.000000, -1.000000, -0.155571, +1.000000, +0.109676, +0.150404, +0.268761, -0.027774, -0.712561, -0.900213, +0.118276, +0.187605, -0.541053, +0.912896, -0.167931]
frame=576 t=28.800s reward=+0.689565 done=0 raw_action=[-0.047297, -0.031378, -1.000000, -0.622273, +1.000000, +0.401862, -0.355055, -1.000000, +0.044278, +1.000000, -0.799718, +0.619099, +0.129970, -0.225996, -1.000000, -1.000000, +0.664349, +0.638450, -0.224242, +1.000000, -0.726707]
frame=577 t=28.850s reward=+1.056427 done=0 raw_action=[-0.623286, +0.269531, -1.000000, -0.272770, +1.000000, +0.014032, +1.000000, -1.000000, +0.136505, +1.000000, -1.000000, +0.686234, -0.744416, +0.606253, -1.000000, -1.000000, +1.000000, +0.990621, +0.525405, +1.000000, +0.209482]
frame=578 t=28.900s reward=+1.098336 done=0 raw_action=[-0.022280, +0.087307, +0.343919, +0.554437, +0.886112, -0.104473, +1.000000, -1.000000, -0.320053, +1.000000, -1.000000, +0.826317, -0.975433, +1.000000, -0.455316, -1.000000, +0.180422, +0.127362, +1.000000, +0.381282, +0.001628]
frame=579 t=28.950s reward=+1.053365 done=0 raw_action=[+0.093037, -0.129461, +1.000000, +0.618015, +0.570411, +0.422407, +1.000000, -0.337090, -0.318451, +1.000000, -0.492844, +0.774750, -0.791453, +0.880376, -0.083591, -0.164640, -0.777262, +0.436242, +1.000000, -0.553683, +0.106454]
frame=580 t=29.000s reward=+0.987505 done=0 raw_action=[-0.194370, -0.133264, +1.000000, -0.098306, +0.445973, +0.356425, +1.000000, +0.664712, +0.779279, +1.000000, +0.410941, +0.633151, -0.289362, +0.462706, -0.002155, +1.000000, -0.718015, +0.192312, +1.000000, -0.907965, -0.236702]
frame=581 t=29.050s reward=+0.848732 done=0 raw_action=[+0.232964, +0.577933, +1.000000, -0.392573, +0.824270, +0.503892, +1.000000, +0.040319, +1.000000, +0.433095, +0.173993, +0.256773, -0.598785, +0.313132, +0.097856, +0.536308, -0.336606, -0.315265, +0.515116, -0.395366, -0.282042]
frame=582 t=29.100s reward=+0.669187 done=0 raw_action=[-0.167418, +0.919925, +0.355194, -0.698468, +1.000000, +0.007494, +1.000000, +0.316928, +0.752795, -0.088217, -0.081077, -0.040583, -0.277127, +0.497340, +0.261357, +0.350864, -0.032360, +0.254931, +0.189494, -0.520738, -0.240150]
frame=583 t=29.150s reward=+0.899271 done=0 raw_action=[-0.000518, +0.805114, -0.537575, -0.895288, +1.000000, -0.361438, +1.000000, +0.414374, +0.185790, -0.983975, +0.696656, -0.347212, -0.324507, -0.005132, +0.386265, +0.529909, -0.920498, -0.497737, +0.056538, -0.490747, -0.273502]
frame=584 t=29.200s reward=+1.091210 done=0 raw_action=[-0.014420, +0.715830, -0.707549, -0.798236, +1.000000, -0.396290, +0.402628, +0.772510, +0.167937, -1.000000, +0.959709, -0.403877, -0.423803, +0.026640, +0.872189, +0.296174, -0.609908, -0.689213, -0.149837, -0.017688, +0.130048]
frame=585 t=29.250s reward=+0.816996 done=0 raw_action=[+0.462399, +0.545562, +0.318716, -0.739731, +1.000000, -0.206107, -0.152268, +0.262313, +0.008343, -1.000000, +1.000000, -0.567617, -0.443152, -0.381833, +0.974619, +0.018868, -0.498314, +0.059916, -0.366315, +0.371584, +0.582282]
frame=586 t=29.300s reward=+0.471294 done=0 raw_action=[+0.245274, +0.853786, +0.486683, -0.165129, +1.000000, -0.844821, +0.186351, +0.452359, +0.093070, -1.000000, +1.000000, -0.739758, +0.378316, -0.619683, +0.693505, -0.459457, -0.204980, +0.054617, +0.004629, -0.187926, +0.115820]
frame=587 t=29.350s reward=+1.019425 done=0 raw_action=[+0.213790, +0.386325, +0.899180, +0.570473, +1.000000, -1.000000, +0.633774, +0.645958, +0.190050, -1.000000, +0.639363, -0.845779, +0.781791, -0.460333, +0.366279, -0.237077, +0.081930, -0.557419, +0.338695, +0.013694, -0.241389]
frame=588 t=29.400s reward=-1.475690 done=0 raw_action=[+1.000000, -1.000000, +1.000000, +1.000000, +1.000000, +0.023955, +0.404546, +0.216777, +0.022315, -1.000000, +0.517920, -0.365757, +0.507965, -0.663861, +0.293687, +0.106905, -0.350745, -0.070097, -0.054212, +0.677426, -0.118557]
frame=589 t=29.450s reward=+1.010387 done=0 raw_action=[-0.057850, -1.000000, +1.000000, +0.658460, +0.999495, +1.000000, -1.000000, +0.123281, +1.000000, -1.000000, -0.578155, -0.125039, +0.861735, -0.435068, -0.642458, +0.035841, +0.240127, +1.000000, -0.129074, +0.686599, -0.585309]
frame=590 t=29.500s reward=+0.945531 done=0 raw_action=[+0.423733, -1.000000, +1.000000, +0.750933, +1.000000, +1.000000, -1.000000, +0.398244, +1.000000, -0.976035, -0.232191, +0.645825, +0.153244, -0.753698, +0.120596, +0.634692, +0.785151, +0.715996, +0.308162, +0.376141, -0.391537]
frame=591 t=29.550s reward=+0.852860 done=0 raw_action=[+0.344890, -0.836657, +0.528842, -0.229692, +1.000000, +1.000000, -1.000000, +0.203836, -0.412023, -0.456543, -0.277721, -0.077608, -0.266290, -0.182791, +0.273469, +0.138587, +0.933376, -0.170328, -0.203769, -0.808282, -0.315172]
frame=592 t=29.600s reward=+1.028364 done=0 raw_action=[+0.343169, -0.546835, -0.881564, -0.297756, +1.000000, +0.387478, -1.000000, +0.248842, -0.469679, -0.077684, -0.722807, -0.435660, -0.165091, +0.216781, +0.086314, -0.058669, +0.520546, -0.998821, -0.673062, -0.723221, +0.200147]
frame=593 t=29.650s reward=+1.029992 done=0 raw_action=[+0.336938, -0.078184, -1.000000, -0.796533, +1.000000, +0.526535, -0.840304, +0.019653, -1.000000, +0.373539, -0.160084, -0.478237, +0.165234, -0.295846, -0.061961, -0.360180, -0.132634, -0.649500, -1.000000, -0.966784, +0.331837]
frame=594 t=29.700s reward=+0.881576 done=0 raw_action=[+0.056273, -0.021604, -1.000000, -1.000000, +1.000000, +0.702804, -0.944964, -0.062277, -1.000000, +1.000000, +0.065079, -0.188091, +0.648024, -0.179794, -0.293262, -0.666338, -0.381093, -0.373033, -1.000000, -0.350887, +0.769042]
frame=595 t=29.750s reward=+0.640568 done=0 raw_action=[-0.189186, +0.031954, -1.000000, -1.000000, +1.000000, +0.681457, -1.000000, -0.644597, -1.000000, +1.000000, +0.219236, +0.115480, +0.396160, -0.184867, -0.243370, -0.734434, -0.188315, -0.213559, -0.771143, +0.176688, +0.664970]
frame=596 t=29.800s reward=+0.969787 done=0 raw_action=[-0.055204, -0.117852, -1.000000, -0.859695, +1.000000, +0.505187, -1.000000, -0.728202, -0.795535, +1.000000, +0.352906, +0.258473, +0.242327, +0.016302, -0.318883, -0.456665, +0.041217, +0.064979, -0.225407, +0.824703, +0.134307]
frame=597 t=29.850s reward=+0.836182 done=0 raw_action=[-0.274980, -0.507397, -1.000000, -0.349464, +1.000000, +0.358820, -0.609154, -1.000000, +0.162564, +1.000000, -0.846925, +0.257105, -0.090157, +0.252131, -0.940592, -1.000000, +0.612740, +0.834984, -0.023546, +1.000000, -0.832348]
frame=598 t=29.900s reward=+1.110846 done=0 raw_action=[-0.448382, +0.123657, -1.000000, -0.176273, +1.000000, +0.117105, +0.643636, -1.000000, -0.281052, +1.000000, -1.000000, +0.551494, -0.056914, +0.453385, -0.908977, -1.000000, +1.000000, +0.530605, +0.297778, +1.000000, -0.193055]
frame=599 t=29.950s reward=+1.105266 done=0 raw_action=[-0.324122, +0.762252, +0.083599, +0.814617, +1.000000, -0.143156, +1.000000, -1.000000, -0.293281, +1.000000, -1.000000, +0.523707, -0.741616, +0.885282, -0.859409, -1.000000, -0.064059, +0.240552, +1.000000, +0.367558, +0.189487]
