# task=cylinder
# algo=PPO
# checkpoint=/home/tan/hora/BrainCo/outputs/revo3_right/run_cylinder_v2_continue/stage1_nn/last.pth
# policy_dt_sec=0.050000
# policy_hz=20.000000
# action_semantics=delta
# action_formula=target=prev_target+(1/24)*raw_action then clamp(joint_limits)
# raw_action_definition=policy clamped delta output mu (pre delta-integration, [-1,1])
# target_definition=cur_targets (delta-accumulated + joint-limit clamped, used in PD formula)
# jointpos_definition=hand.data.joint_pos (absolute joint angles, rad)
# joint_order=0:right_index_MPR_joint, 1:right_little_MPR_joint, 2:right_middle_MPR_joint, 3:right_ring_MPR_joint, 4:right_thumb_CMP_joint, 5:right_index_MCP_joint, 6:right_little_MCP_joint, 7:right_middle_MCP_joint, 8:right_ring_MCP_joint, 9:right_thumb_CMR_joint, 10:right_index_PIP_joint, 11:right_little_PIP_joint, 12:right_middle_PIP_joint, 13:right_ring_PIP_joint, 14:right_thumb_MCP_joint, 15:right_index_DIP_joint, 16:right_little_DIP_joint, 17:right_middle_DIP_joint, 18:right_ring_DIP_joint, 19:right_thumb_PIP_joint, 20:right_thumb_DIP_joint

frame=000 t= 0.000s reward=-13.107315 done=0 target=[+0.150096, -0.172366, -0.038267, -0.235620, +1.683434, +1.294388, +1.263463, +1.069759, +0.894760, +1.103502, +0.372155, +0.360376, +0.199050, +0.333219, +0.422784, +0.097280, +0.151392, +0.184784, +0.169889, +0.313774, +0.177427]
frame=001 t= 0.050s reward=-0.726241 done=0 target=[+0.108429, -0.167993, -0.075343, -0.235620, +1.718377, +1.292203, +1.226319, +1.111425, +0.936154, +1.071032, +0.382878, +0.352029, +0.240717, +0.374885, +0.462250, +0.058326, +0.140690, +0.200706, +0.188492, +0.355441, +0.195944]
frame=002 t= 0.100s reward=-0.757776 done=0 target=[+0.150096, -0.126327, -0.072994, -0.235620, +1.727910, +1.281910, +1.234870, +1.089040, +0.977821, +1.047655, +0.393062, +0.366270, +0.282384, +0.416552, +0.447802, +0.029419, +0.111158, +0.181948, +0.146825, +0.397107, +0.178041]
frame=003 t= 0.150s reward=-0.815961 done=0 target=[+0.191762, -0.084660, -0.038758, -0.235620, +1.727910, +1.316608, +1.256881, +1.047374, +1.012908, +1.031103, +0.434729, +0.370889, +0.324050, +0.453623, +0.413843, +0.058374, +0.089404, +0.197647, +0.106362, +0.419274, +0.172536]
frame=004 t= 0.200s reward=-1.836283 done=0 target=[+0.214595, -0.042993, -0.016050, -0.235620, +1.727910, +1.295427, +1.288373, +1.050800, +1.021115, +0.998035, +0.475934, +0.386854, +0.365717, +0.411957, +0.425021, +0.099087, +0.116950, +0.159550, +0.098455, +0.414521, +0.130869]
frame=005 t= 0.250s reward=+0.687140 done=0 target=[+0.222636, -0.001327, -0.023359, -0.235620, +1.727910, +1.258646, +1.319484, +1.044385, +1.043401, +0.956369, +0.484816, +0.390289, +0.383260, +0.384953, +0.451937, +0.101320, +0.129396, +0.122331, +0.089846, +0.404255, +0.125629]
frame=006 t= 0.300s reward=+0.555174 done=0 target=[+0.222194, +0.040340, +0.018308, -0.235620, +1.727910, +1.255369, +1.305777, +1.059910, +1.060752, +0.914702, +0.526483, +0.368428, +0.397493, +0.378612, +0.474652, +0.118874, +0.088543, +0.131233, +0.075708, +0.396277, +0.159498]
frame=007 t= 0.350s reward=+0.354349 done=0 target=[+0.235620, +0.082007, +0.059975, -0.235620, +1.727910, +1.240705, +1.309801, +1.042399, +1.062614, +0.873035, +0.558624, +0.333402, +0.416829, +0.344279, +0.479192, +0.117635, +0.046877, +0.126832, +0.070029, +0.400344, +0.179837]
frame=008 t= 0.400s reward=-1.251318 done=0 target=[+0.235620, +0.051280, +0.101641, -0.193953, +1.727910, +1.252297, +1.330279, +1.046613, +1.064199, +0.831369, +0.574508, +0.314184, +0.445533, +0.315598, +0.471668, +0.106458, +0.005931, +0.168499, +0.083359, +0.417344, +0.182822]
frame=009 t= 0.450s reward=+0.116149 done=0 target=[+0.235620, +0.009614, +0.143308, -0.152287, +1.727910, +1.290645, +1.334175, +1.074400, +1.083667, +0.789702, +0.539920, +0.334013, +0.479046, +0.299897, +0.456810, +0.098101, +0.000000, +0.206728, +0.083895, +0.425945, +0.163380]
frame=010 t= 0.500s reward=+0.896002 done=0 target=[+0.235620, -0.032053, +0.184975, -0.110620, +1.727910, +1.323985, +1.319025, +1.116067, +1.096210, +0.750414, +0.504858, +0.375680, +0.509512, +0.280619, +0.476711, +0.115252, +0.000000, +0.215850, +0.102580, +0.443634, +0.151870]
frame=011 t= 0.550s reward=+0.829513 done=0 target=[+0.235620, -0.073720, +0.226642, -0.068953, +1.727910, +1.335150, +1.277359, +1.157734, +1.091289, +0.715370, +0.472821, +0.417347, +0.496240, +0.238952, +0.496010, +0.138550, +0.000000, +0.241381, +0.104582, +0.437410, +0.135263]
frame=012 t= 0.600s reward=+0.810567 done=0 target=[+0.235620, -0.115386, +0.235620, -0.040205, +1.727910, +1.335150, +1.235692, +1.195260, +1.078734, +0.684276, +0.439896, +0.440546, +0.457058, +0.250549, +0.502368, +0.154730, +0.041165, +0.226179, +0.114833, +0.435717, +0.120334]
frame=013 t= 0.650s reward=+0.794536 done=0 target=[+0.235620, -0.122759, +0.226560, -0.043222, +1.727910, +1.335150, +1.194026, +1.216066, +1.037068, +0.691190, +0.418433, +0.428394, +0.416551, +0.235947, +0.501106, +0.153046, +0.082832, +0.189758, +0.116846, +0.413615, +0.117666]
frame=014 t= 0.700s reward=+0.231679 done=0 target=[+0.227756, -0.133006, +0.184893, -0.084889, +1.727910, +1.335150, +1.159137, +1.233574, +0.995401, +0.730786, +0.411370, +0.396427, +0.393469, +0.256231, +0.490145, +0.146506, +0.117084, +0.148092, +0.112625, +0.391336, +0.135427]
frame=015 t= 0.750s reward=+0.459586 done=0 target=[+0.232470, -0.130471, +0.143226, -0.126555, +1.727910, +1.335150, +1.130246, +1.217738, +0.953734, +0.772452, +0.419817, +0.390471, +0.408305, +0.248671, +0.485178, +0.124464, +0.105846, +0.106425, +0.091991, +0.367720, +0.177094]
frame=016 t= 0.800s reward=+1.056168 done=0 target=[+0.235620, -0.115487, +0.101559, -0.168222, +1.727910, +1.335150, +1.088579, +1.198168, +0.912068, +0.814119, +0.441729, +0.408157, +0.431551, +0.231071, +0.484262, +0.084934, +0.083921, +0.074340, +0.066511, +0.349175, +0.209646]
frame=017 t= 0.850s reward=-0.306753 done=0 target=[+0.233367, -0.114245, +0.059893, -0.209889, +1.727910, +1.335150, +1.046913, +1.183930, +0.899443, +0.855786, +0.470417, +0.431136, +0.450670, +0.228254, +0.474882, +0.059044, +0.073889, +0.064692, +0.047515, +0.347008, +0.213103]
frame=018 t= 0.900s reward=+1.001766 done=0 target=[+0.207062, -0.133329, +0.018226, -0.235620, +1.727910, +1.335150, +1.005246, +1.144578, +0.921749, +0.897452, +0.454460, +0.451985, +0.452936, +0.221688, +0.439508, +0.017377, +0.090240, +0.069064, +0.018012, +0.376969, +0.190552]
frame=019 t= 0.950s reward=+1.065657 done=0 target=[+0.220741, -0.159413, -0.023441, -0.235620, +1.727910, +1.335150, +0.986215, +1.102912, +0.904106, +0.939119, +0.433636, +0.480661, +0.434608, +0.206162, +0.416477, +0.000000, +0.110807, +0.092580, +0.000000, +0.416106, +0.175977]
frame=020 t= 1.000s reward=+1.067738 done=0 target=[+0.211098, -0.165602, -0.065107, -0.235620, +1.727910, +1.335150, +1.020695, +1.061245, +0.907289, +0.974007, +0.391970, +0.501338, +0.412648, +0.231949, +0.389995, +0.000000, +0.148101, +0.134246, +0.032510, +0.457772, +0.168272]
frame=021 t= 1.050s reward=+1.078388 done=0 target=[+0.186472, -0.131393, -0.063168, -0.196884, +1.727910, +1.323492, +1.062362, +1.019579, +0.903708, +1.012856, +0.350303, +0.533142, +0.379238, +0.273616, +0.349182, +0.000000, +0.139342, +0.153784, +0.074176, +0.476566, +0.173835]
frame=022 t= 1.100s reward=-1.487924 done=0 target=[+0.166968, -0.133499, -0.021501, -0.158153, +1.727910, +1.323228, +1.104029, +1.024366, +0.884319, +1.053168, +0.308636, +0.572202, +0.367012, +0.315283, +0.345011, +0.000000, +0.113440, +0.166502, +0.115843, +0.455059, +0.178160]
frame=023 t= 1.150s reward=-1.131885 done=0 target=[+0.154141, -0.175166, +0.020165, -0.174335, +1.727910, +1.281561, +1.145695, +1.049913, +0.907963, +1.094834, +0.266970, +0.612637, +0.349253, +0.345373, +0.367529, +0.021658, +0.112752, +0.148542, +0.157510, +0.413393, +0.143524]
frame=024 t= 1.200s reward=+0.202211 done=0 target=[+0.160854, -0.164247, +0.055484, -0.193559, +1.727910, +1.306508, +1.187362, +1.037438, +0.949629, +1.136501, +0.256988, +0.619565, +0.330249, +0.387040, +0.357751, +0.044028, +0.071086, +0.172090, +0.195927, +0.391723, +0.143337]
frame=025 t= 1.250s reward=+1.121094 done=0 target=[+0.171136, -0.132583, +0.097151, -0.200160, +1.727910, +1.335150, +1.229028, +1.045771, +0.976502, +1.120878, +0.298655, +0.601754, +0.332411, +0.379841, +0.364958, +0.085695, +0.034777, +0.183041, +0.189683, +0.389131, +0.135632]
frame=026 t= 1.300s reward=+0.687941 done=0 target=[+0.169420, -0.101622, +0.108391, -0.235620, +1.727910, +1.335150, +1.260260, +1.076344, +0.994497, +1.080927, +0.340321, +0.580751, +0.338506, +0.388087, +0.389453, +0.107037, +0.026238, +0.163953, +0.186485, +0.380853, +0.122173]
frame=027 t= 1.350s reward=+1.071720 done=0 target=[+0.168903, -0.059956, +0.066724, -0.235620, +1.727910, +1.310905, +1.287721, +1.108598, +1.010895, +1.039261, +0.366422, +0.564893, +0.329306, +0.388833, +0.428824, +0.087165, +0.046616, +0.122287, +0.179186, +0.383045, +0.131244]
frame=028 t= 1.400s reward=+1.105098 done=0 target=[+0.199429, -0.018439, +0.049042, -0.235620, +1.727910, +1.320643, +1.277640, +1.093430, +1.013523, +0.997594, +0.408089, +0.533958, +0.317855, +0.387930, +0.466199, +0.081265, +0.025970, +0.114740, +0.159093, +0.402058, +0.168238]
frame=029 t= 1.450s reward=-0.089272 done=0 target=[+0.204678, +0.014552, +0.079518, -0.235620, +1.727910, +1.291866, +1.262942, +1.121394, +1.008986, +0.955927, +0.449755, +0.518340, +0.348458, +0.346264, +0.490360, +0.090249, +0.013377, +0.126116, +0.151903, +0.394220, +0.194311]
frame=030 t= 1.500s reward=+1.020656 done=0 target=[+0.227299, +0.036173, +0.115243, -0.235164, +1.727910, +1.250199, +1.294583, +1.122163, +1.014646, +0.914261, +0.491422, +0.480150, +0.381806, +0.330521, +0.504060, +0.082909, +0.018519, +0.119809, +0.147523, +0.389241, +0.192339]
frame=031 t= 1.550s reward=+1.042269 done=0 target=[+0.235620, +0.015122, +0.156910, -0.196599, +1.727910, +1.258577, +1.315137, +1.093594, +1.035609, +0.872594, +0.518608, +0.438484, +0.392007, +0.296106, +0.483503, +0.063051, +0.013931, +0.132116, +0.132947, +0.403377, +0.183018]
frame=032 t= 1.600s reward=+1.061266 done=0 target=[+0.235620, -0.026544, +0.198576, -0.154932, +1.727910, +1.300243, +1.305250, +1.125403, +1.052404, +0.830927, +0.513597, +0.454301, +0.406490, +0.258304, +0.475474, +0.058906, +0.000000, +0.169755, +0.143434, +0.445044, +0.175769]
frame=033 t= 1.650s reward=+0.689728 done=0 target=[+0.235620, -0.068211, +0.235620, -0.113265, +1.727910, +1.335150, +1.274984, +1.167070, +1.093892, +0.789261, +0.477753, +0.495968, +0.448157, +0.248697, +0.480221, +0.079793, +0.004348, +0.186834, +0.157260, +0.446795, +0.160254]
frame=034 t= 1.700s reward=+0.958321 done=0 target=[+0.235620, -0.109878, +0.235620, -0.086490, +1.727910, +1.335150, +1.233317, +1.199441, +1.102527, +0.747594, +0.448771, +0.537634, +0.433014, +0.233262, +0.481158, +0.103373, +0.041560, +0.192449, +0.153743, +0.441322, +0.143525]
frame=035 t= 1.750s reward=+1.032368 done=0 target=[+0.235620, -0.149964, +0.235620, -0.075251, +1.727910, +1.335150, +1.191651, +1.220582, +1.069297, +0.718053, +0.413130, +0.544307, +0.412391, +0.241842, +0.476305, +0.114408, +0.083227, +0.160503, +0.135627, +0.409014, +0.137632]
frame=036 t= 1.800s reward=+0.613633 done=0 target=[+0.234780, -0.158157, +0.205574, -0.099990, +1.727910, +1.335150, +1.149984, +1.235195, +1.027630, +0.722885, +0.379490, +0.524457, +0.386239, +0.227748, +0.484820, +0.110453, +0.106422, +0.118836, +0.113414, +0.373681, +0.146467]
frame=037 t= 1.850s reward=+1.058620 done=0 target=[+0.211839, -0.176829, +0.163908, -0.141656, +1.727910, +1.335150, +1.108317, +1.247579, +0.985964, +0.764552, +0.378487, +0.491993, +0.404337, +0.231738, +0.465878, +0.111768, +0.092628, +0.084895, +0.094599, +0.342608, +0.175918]
frame=038 t= 1.900s reward=+1.091998 done=0 target=[+0.214442, -0.173294, +0.122241, -0.183323, +1.727910, +1.335150, +1.066651, +1.214609, +0.944297, +0.806219, +0.401823, +0.493182, +0.424875, +0.221723, +0.472054, +0.086411, +0.067571, +0.055504, +0.077097, +0.353687, +0.217584]
frame=039 t= 1.950s reward=+1.027021 done=0 target=[+0.224840, -0.158126, +0.080574, -0.224990, +1.727910, +1.335150, +1.024984, +1.174445, +0.911129, +0.847885, +0.430202, +0.504519, +0.439004, +0.222898, +0.466268, +0.044744, +0.048700, +0.055452, +0.052751, +0.369655, +0.258461]
frame=040 t= 2.000s reward=+0.520004 done=0 target=[+0.213021, -0.155533, +0.038908, -0.235620, +1.727910, +1.335150, +0.983317, +1.140166, +0.898847, +0.889552, +0.441893, +0.521300, +0.456755, +0.216036, +0.436445, +0.009388, +0.060928, +0.083268, +0.024315, +0.391962, +0.232180]
frame=041 t= 2.050s reward=+0.371133 done=0 target=[+0.221920, -0.166359, -0.002759, -0.235620, +1.727910, +1.335150, +0.968452, +1.098499, +0.888254, +0.931219, +0.423186, +0.536213, +0.460230, +0.203317, +0.403113, +0.000000, +0.086950, +0.108340, +0.020225, +0.433629, +0.208561]
frame=042 t= 2.100s reward=+1.106967 done=0 target=[+0.186825, -0.156734, -0.044426, -0.235620, +1.727910, +1.335150, +1.010118, +1.056833, +0.911180, +0.972885, +0.381519, +0.551280, +0.448144, +0.242548, +0.361446, +0.000000, +0.128617, +0.143209, +0.055424, +0.475295, +0.191302]
frame=043 t= 2.150s reward=+1.113926 done=0 target=[+0.174739, -0.137795, -0.042461, -0.206186, +1.727910, +1.322718, +1.051785, +1.015166, +0.892256, +1.012750, +0.339852, +0.571313, +0.424214, +0.281559, +0.331932, +0.000000, +0.132153, +0.148923, +0.097091, +0.486633, +0.192705]
frame=044 t= 2.200s reward=+1.127883 done=0 target=[+0.165858, -0.151067, -0.000794, -0.176039, +1.727910, +1.332817, +1.093452, +1.014727, +0.886241, +1.053435, +0.303111, +0.600083, +0.408644, +0.323226, +0.326231, +0.000000, +0.108955, +0.171845, +0.138758, +0.454034, +0.178405]
frame=045 t= 2.250s reward=+1.117547 done=0 target=[+0.165325, -0.161413, +0.040873, -0.183454, +1.727910, +1.335150, +1.135118, +1.040647, +0.913501, +1.095102, +0.293344, +0.629475, +0.385821, +0.353547, +0.329347, +0.023822, +0.089719, +0.176925, +0.180424, +0.430268, +0.178278]
frame=046 t= 2.300s reward=+0.905718 done=0 target=[+0.186938, -0.162415, +0.082539, -0.203890, +1.727910, +1.332883, +1.176785, +1.052178, +0.939032, +1.121232, +0.298670, +0.648612, +0.364503, +0.369199, +0.338264, +0.050915, +0.066186, +0.161338, +0.185484, +0.403720, +0.173006]
frame=047 t= 2.350s reward=+1.127060 done=0 target=[+0.184792, -0.143371, +0.124206, -0.219423, +1.727910, +1.335150, +1.218451, +1.056692, +0.959104, +1.105620, +0.319744, +0.642526, +0.356895, +0.373606, +0.353792, +0.074530, +0.036618, +0.189463, +0.180531, +0.389123, +0.158708]
frame=048 t= 2.400s reward=+0.403627 done=0 target=[+0.182470, -0.111928, +0.111804, -0.235620, +1.727910, +1.332382, +1.260118, +1.059888, +0.982598, +1.080084, +0.329747, +0.616674, +0.336996, +0.386559, +0.360508, +0.092522, +0.024425, +0.165886, +0.190938, +0.393533, +0.164914]
frame=049 t= 2.450s reward=+1.134645 done=0 target=[+0.170040, -0.070261, +0.070138, -0.235620, +1.727910, +1.311448, +1.301785, +1.072843, +0.994913, +1.038417, +0.335001, +0.595231, +0.324582, +0.400824, +0.377811, +0.100778, +0.021405, +0.155646, +0.201338, +0.385972, +0.171562]
frame=050 t= 2.500s reward=+0.773258 done=0 target=[+0.186507, -0.038153, +0.065438, -0.235620, +1.727910, +1.318402, +1.287036, +1.097045, +0.978847, +0.996751, +0.376667, +0.580562, +0.322380, +0.396929, +0.413005, +0.117125, +0.004841, +0.160440, +0.197877, +0.391897, +0.197819]
frame=051 t= 2.550s reward=+1.142761 done=0 target=[+0.177314, -0.000854, +0.051750, -0.235620, +1.727910, +1.276735, +1.293552, +1.117405, +0.988750, +0.955084, +0.408408, +0.549591, +0.334786, +0.374819, +0.440584, +0.115155, +0.002501, +0.131240, +0.186997, +0.371987, +0.201736]
frame=052 t= 2.600s reward=+1.087737 done=0 target=[+0.206550, +0.027801, +0.081009, -0.235620, +1.727910, +1.241533, +1.302733, +1.117024, +0.986950, +0.913417, +0.450075, +0.514921, +0.343917, +0.341966, +0.470714, +0.100300, +0.007714, +0.131281, +0.179075, +0.384026, +0.209230]
frame=053 t= 2.650s reward=+1.106531 done=0 target=[+0.235620, +0.019160, +0.122676, -0.205376, +1.727910, +1.269380, +1.314172, +1.093419, +0.997543, +0.871751, +0.491741, +0.473254, +0.347422, +0.312525, +0.450694, +0.103303, +0.000000, +0.160874, +0.183092, +0.405637, +0.210599]
frame=054 t= 2.700s reward=+1.064818 done=0 target=[+0.235620, -0.022507, +0.164343, -0.163710, +1.727910, +1.286223, +1.331852, +1.105793, +1.008853, +0.830084, +0.502896, +0.449614, +0.377319, +0.290474, +0.444217, +0.105451, +0.000000, +0.171115, +0.187682, +0.428484, +0.209461]
frame=055 t= 2.750s reward=+1.052096 done=0 target=[+0.235620, -0.064173, +0.206009, -0.127831, +1.727910, +1.327890, +1.290185, +1.135064, +1.050520, +0.790578, +0.486317, +0.481816, +0.392490, +0.267371, +0.454055, +0.106383, +0.008104, +0.197633, +0.186210, +0.423588, +0.194978]
frame=056 t= 2.800s reward=+1.084393 done=0 target=[+0.235620, -0.105840, +0.235620, -0.099103, +1.727910, +1.335150, +1.248518, +1.175813, +1.085828, +0.749552, +0.454823, +0.523483, +0.390580, +0.244543, +0.465792, +0.114085, +0.039246, +0.211383, +0.180125, +0.422320, +0.171566]
frame=057 t= 2.850s reward=+1.080752 done=0 target=[+0.235620, -0.124696, +0.235620, -0.099803, +1.727910, +1.335150, +1.206852, +1.189939, +1.066956, +0.723088, +0.435500, +0.526770, +0.384939, +0.242514, +0.476566, +0.125025, +0.080913, +0.197930, +0.175937, +0.388445, +0.148455]
frame=058 t= 2.900s reward=+1.082740 done=0 target=[+0.235620, -0.140447, +0.220858, -0.112903, +1.727910, +1.335150, +1.165185, +1.216756, +1.034907, +0.723051, +0.418652, +0.501472, +0.383028, +0.260226, +0.467611, +0.136132, +0.093722, +0.156263, +0.150120, +0.357617, +0.143417]
frame=059 t= 2.950s reward=+1.039033 done=0 target=[+0.228994, -0.155303, +0.179192, -0.140578, +1.727910, +1.335150, +1.128428, +1.229717, +0.993241, +0.754657, +0.411332, +0.473230, +0.386600, +0.263251, +0.467522, +0.137815, +0.092553, +0.114596, +0.137518, +0.342710, +0.174098]
frame=060 t= 3.000s reward=+1.043868 done=0 target=[+0.221183, -0.149961, +0.137525, -0.182244, +1.727910, +1.335150, +1.092111, +1.218633, +0.951574, +0.795144, +0.422019, +0.478952, +0.399916, +0.234389, +0.479289, +0.114509, +0.087387, +0.086385, +0.119111, +0.345442, +0.214486]
frame=061 t= 3.050s reward=+1.094461 done=0 target=[+0.218439, -0.148547, +0.095858, -0.223911, +1.727910, +1.335150, +1.050445, +1.205121, +0.912453, +0.836811, +0.443278, +0.480696, +0.437475, +0.230067, +0.468998, +0.084251, +0.068508, +0.085230, +0.086928, +0.336356, +0.224199]
frame=062 t= 3.100s reward=+0.305994 done=0 target=[+0.225335, -0.147996, +0.054192, -0.235620, +1.727910, +1.335150, +1.008778, +1.163454, +0.889821, +0.878477, +0.459374, +0.493728, +0.457710, +0.222012, +0.455372, +0.042585, +0.064973, +0.083429, +0.050751, +0.356121, +0.222035]
frame=063 t= 3.150s reward=+0.781562 done=0 target=[+0.204248, -0.164991, +0.012525, -0.235620, +1.727910, +1.335150, +0.976659, +1.121788, +0.909149, +0.920144, +0.428924, +0.503852, +0.454570, +0.228031, +0.414956, +0.000918, +0.103132, +0.106107, +0.025882, +0.397788, +0.204852]
frame=064 t= 3.200s reward=+1.103055 done=0 target=[+0.185915, -0.160964, -0.029142, -0.235620, +1.727910, +1.328944, +0.999444, +1.080121, +0.923515, +0.961811, +0.387257, +0.528056, +0.444604, +0.236621, +0.373289, +0.000000, +0.144798, +0.144365, +0.046276, +0.439455, +0.203468]
frame=065 t= 3.250s reward=+0.950602 done=0 target=[+0.187015, -0.131045, -0.043757, -0.215093, +1.727910, +1.323675, +1.041110, +1.038455, +0.896434, +0.999842, +0.345590, +0.555932, +0.410589, +0.275203, +0.341015, +0.000000, +0.160342, +0.146295, +0.087942, +0.481121, +0.225591]
frame=066 t= 3.300s reward=+1.125818 done=0 target=[+0.175721, -0.157094, -0.002091, -0.173426, +1.727910, +1.318313, +1.082777, +1.037869, +0.863342, +1.041509, +0.309896, +0.590798, +0.408653, +0.314861, +0.353521, +0.004209, +0.118675, +0.155394, +0.129609, +0.439455, +0.206861]
frame=067 t= 3.350s reward=+1.028885 done=0 target=[+0.173895, -0.175458, +0.039576, -0.183922, +1.727910, +1.327932, +1.124444, +1.047497, +0.905009, +1.083176, +0.300868, +0.617558, +0.386386, +0.351298, +0.349146, +0.026307, +0.082452, +0.165850, +0.171276, +0.417013, +0.179154]
frame=068 t= 3.400s reward=+0.978710 done=0 target=[+0.181054, -0.185375, +0.081243, -0.208074, +1.727910, +1.323689, +1.166110, +1.069928, +0.946675, +1.105397, +0.298430, +0.642243, +0.370377, +0.359799, +0.365379, +0.061676, +0.071391, +0.167127, +0.174803, +0.384197, +0.152764]
frame=069 t= 3.450s reward=+1.008330 done=0 target=[+0.182977, -0.156938, +0.110585, -0.228865, +1.727910, +1.330333, +1.207777, +1.076060, +0.974149, +1.110771, +0.292359, +0.650279, +0.369224, +0.370090, +0.367436, +0.069083, +0.058350, +0.176521, +0.183066, +0.375952, +0.156315]
frame=070 t= 3.500s reward=-1.714792 done=0 target=[+0.188567, -0.122092, +0.126689, -0.235620, +1.727910, +1.335150, +1.249443, +1.085080, +0.976759, +1.069104, +0.320981, +0.640164, +0.356358, +0.376462, +0.378106, +0.074457, +0.047629, +0.187558, +0.171375, +0.379913, +0.151276]
frame=071 t= 3.550s reward=+1.149122 done=0 target=[+0.161206, -0.088558, +0.085022, -0.235620, +1.727910, +1.293483, +1.291110, +1.095919, +0.988102, +1.053683, +0.304284, +0.617774, +0.351173, +0.410930, +0.382251, +0.085768, +0.053117, +0.155825, +0.190162, +0.360537, +0.165423]
frame=072 t= 3.600s reward=+1.137838 done=0 target=[+0.187289, -0.057961, +0.052850, -0.235620, +1.727910, +1.301326, +1.305696, +1.093560, +0.975416, +1.012016, +0.345951, +0.589003, +0.338083, +0.413321, +0.413634, +0.109027, +0.011451, +0.133643, +0.195902, +0.357391, +0.172545]
frame=073 t= 3.650s reward=+1.153377 done=0 target=[+0.185730, -0.037186, +0.072146, -0.235620, +1.727910, +1.294836, +1.284524, +1.135226, +0.986593, +0.970350, +0.387618, +0.568180, +0.343350, +0.410721, +0.448604, +0.141394, +0.000000, +0.145790, +0.198849, +0.353506, +0.190484]
frame=074 t= 3.700s reward=+0.999990 done=0 target=[+0.212306, -0.001986, +0.094896, -0.235620, +1.727910, +1.253169, +1.294726, +1.148557, +0.988765, +0.928683, +0.429284, +0.537983, +0.345282, +0.374364, +0.474648, +0.137633, +0.000000, +0.119043, +0.197898, +0.365435, +0.202642]
frame=075 t= 3.750s reward=+1.058733 done=0 target=[+0.232660, +0.013105, +0.133929, -0.207815, +1.727910, +1.211503, +1.311395, +1.174978, +0.986964, +0.887016, +0.459199, +0.506927, +0.354367, +0.338828, +0.505973, +0.102729, +0.000000, +0.117246, +0.193422, +0.382967, +0.207334]
frame=076 t= 3.800s reward=+1.026086 done=0 target=[+0.235620, -0.028562, +0.175596, -0.166149, +1.727910, +1.253169, +1.315903, +1.183777, +0.981729, +0.845350, +0.482470, +0.502507, +0.378954, +0.297161, +0.493530, +0.087183, +0.000000, +0.141860, +0.191583, +0.413454, +0.192981]
frame=077 t= 3.850s reward=+0.815544 done=0 target=[+0.235620, -0.070229, +0.217262, -0.124482, +1.727910, +1.294836, +1.292118, +1.176564, +1.023396, +0.803683, +0.470059, +0.510915, +0.406854, +0.270423, +0.487517, +0.093061, +0.000000, +0.153331, +0.187949, +0.446092, +0.186212]
frame=078 t= 3.900s reward=+1.075376 done=0 target=[+0.235620, -0.111895, +0.235620, -0.100090, +1.727910, +1.335150, +1.250452, +1.175609, +1.065063, +0.768348, +0.450280, +0.532658, +0.415721, +0.240635, +0.488257, +0.107288, +0.030667, +0.180426, +0.177981, +0.436557, +0.164678]
frame=079 t= 3.950s reward=+0.829906 done=0 target=[+0.233232, -0.153562, +0.235620, -0.102154, +1.727910, +1.335150, +1.208785, +1.204930, +1.068594, +0.742334, +0.416620, +0.545458, +0.422197, +0.235393, +0.492874, +0.121243, +0.071536, +0.160918, +0.172168, +0.430372, +0.162519]
frame=080 t= 4.000s reward=+0.448764 done=0 target=[+0.228896, -0.182372, +0.209851, -0.127310, +1.727910, +1.335150, +1.167118, +1.215767, +1.034766, +0.753902, +0.392846, +0.516983, +0.401158, +0.240453, +0.476680, +0.123336, +0.087753, +0.123970, +0.140587, +0.401185, +0.169426]
frame=081 t= 4.050s reward=+0.395320 done=0 target=[+0.203147, -0.196566, +0.168185, -0.158091, +1.727910, +1.335150, +1.125452, +1.222366, +1.007502, +0.781343, +0.369986, +0.496341, +0.419269, +0.249098, +0.464346, +0.117247, +0.093160, +0.098553, +0.117903, +0.377978, +0.190037]
frame=082 t= 4.100s reward=+1.064628 done=0 target=[+0.201108, -0.188995, +0.126518, -0.199758, +1.727910, +1.335150, +1.083785, +1.208365, +0.965952, +0.823010, +0.364790, +0.489733, +0.449955, +0.246113, +0.451222, +0.083101, +0.074050, +0.076822, +0.091553, +0.364280, +0.224986]
frame=083 t= 4.150s reward=+0.907836 done=0 target=[+0.223760, -0.172179, +0.084851, -0.235620, +1.727910, +1.335150, +1.042118, +1.172763, +0.924286, +0.864676, +0.389143, +0.497818, +0.479580, +0.231323, +0.436327, +0.051768, +0.042174, +0.069163, +0.049886, +0.356571, +0.254737]
frame=084 t= 4.200s reward=+0.998239 done=0 target=[+0.214767, -0.178563, +0.043184, -0.235620, +1.727910, +1.335150, +1.000452, +1.131096, +0.898792, +0.906343, +0.407526, +0.514001, +0.484446, +0.230131, +0.414051, +0.023570, +0.058298, +0.087614, +0.038234, +0.398238, +0.251975]
frame=085 t= 4.250s reward=+0.734907 done=0 target=[+0.198083, -0.181286, +0.001518, -0.235620, +1.727910, +1.335150, +0.993347, +1.089430, +0.905565, +0.948010, +0.372425, +0.531802, +0.458794, +0.245832, +0.372384, +0.000000, +0.099965, +0.129281, +0.058006, +0.439904, +0.236506]
frame=086 t= 4.300s reward=+1.069968 done=0 target=[+0.167569, -0.141696, -0.031861, -0.235620, +1.727910, +1.334290, +1.035014, +1.047763, +0.915553, +0.989676, +0.330759, +0.557833, +0.434155, +0.272397, +0.330718, +0.000000, +0.141632, +0.168706, +0.099673, +0.481571, +0.241646]
frame=087 t= 4.350s reward=+1.000391 done=0 target=[+0.173692, -0.139340, +0.002332, -0.210871, +1.727910, +1.327661, +1.076680, +1.006096, +0.874016, +1.025919, +0.289092, +0.597794, +0.411517, +0.289403, +0.322347, +0.000000, +0.139123, +0.164155, +0.141340, +0.469014, +0.224490]
frame=088 t= 4.400s reward=+1.044333 done=0 target=[+0.176515, -0.163522, +0.043999, -0.186241, +1.727910, +1.335150, +1.118347, +1.027569, +0.878833, +1.067585, +0.286183, +0.636355, +0.394635, +0.331069, +0.331333, +0.018226, +0.097457, +0.169894, +0.183006, +0.433543, +0.208453]
frame=089 t= 4.450s reward=+0.841882 done=0 target=[+0.178279, -0.171597, +0.085665, -0.193572, +1.727910, +1.335150, +1.160013, +1.019571, +0.920499, +1.100677, +0.290408, +0.667734, +0.354688, +0.351736, +0.343537, +0.036837, +0.070778, +0.170193, +0.198832, +0.424480, +0.189465]
frame=090 t= 4.500s reward=+0.866566 done=0 target=[+0.172119, -0.155550, +0.127332, -0.213522, +1.727910, +1.335150, +1.201680, +1.038481, +0.940752, +1.105408, +0.311810, +0.671595, +0.338653, +0.352064, +0.355643, +0.067074, +0.051674, +0.175771, +0.196854, +0.400298, +0.175111]
frame=091 t= 4.550s reward=-0.964000 done=0 target=[+0.155181, -0.125959, +0.133963, -0.235620, +1.727910, +1.330949, +1.243347, +1.080148, +0.952820, +1.088393, +0.318470, +0.653977, +0.344916, +0.366236, +0.359868, +0.072365, +0.031390, +0.166237, +0.205413, +0.373587, +0.157353]
frame=092 t= 4.600s reward=+1.132504 done=0 target=[+0.161377, -0.097125, +0.092296, -0.235620, +1.727910, +1.291999, +1.285013, +1.090425, +0.970785, +1.049044, +0.317634, +0.632456, +0.333032, +0.392657, +0.369964, +0.077378, +0.022705, +0.128269, +0.205361, +0.359625, +0.154155]
frame=093 t= 4.650s reward=+1.137971 done=0 target=[+0.176005, -0.067727, +0.067383, -0.235620, +1.727910, +1.298042, +1.284382, +1.124578, +0.968129, +1.007377, +0.359301, +0.609907, +0.331826, +0.401159, +0.408789, +0.102268, +0.000000, +0.125951, +0.192141, +0.346970, +0.172417]
frame=094 t= 4.700s reward=+1.147497 done=0 target=[+0.188711, -0.043511, +0.060602, -0.235620, +1.727910, +1.279897, +1.282767, +1.153774, +0.974148, +0.965710, +0.400967, +0.590241, +0.341470, +0.377342, +0.449317, +0.122709, +0.000000, +0.118765, +0.191434, +0.353425, +0.189208]
frame=095 t= 4.750s reward=+1.085726 done=0 target=[+0.211617, -0.001844, +0.085546, -0.235620, +1.727910, +1.279449, +1.287712, +1.136866, +1.008887, +0.924044, +0.442634, +0.548574, +0.339326, +0.368140, +0.464132, +0.123029, +0.000000, +0.122237, +0.186338, +0.371453, +0.204246]
frame=096 t= 4.800s reward=+1.021792 done=0 target=[+0.235620, +0.033867, +0.127213, -0.223105, +1.727910, +1.281651, +1.293987, +1.110999, +1.017549, +0.882377, +0.484301, +0.506907, +0.351736, +0.331195, +0.449553, +0.124458, +0.000000, +0.137001, +0.180031, +0.390194, +0.208374]
frame=097 t= 4.850s reward=+1.070668 done=0 target=[+0.235620, -0.007800, +0.168880, -0.181438, +1.727910, +1.292267, +1.287098, +1.118302, +1.007299, +0.840710, +0.525967, +0.481399, +0.356020, +0.289528, +0.445374, +0.120066, +0.000000, +0.159207, +0.178718, +0.416063, +0.207854]
frame=098 t= 4.900s reward=+0.167286 done=0 target=[+0.235620, -0.049466, +0.210546, -0.139771, +1.727910, +1.327904, +1.276840, +1.142758, +1.020997, +0.799043, +0.519583, +0.490186, +0.367758, +0.260862, +0.447804, +0.093850, +0.005103, +0.186386, +0.178662, +0.438051, +0.206772]
frame=099 t= 4.950s reward=+1.026884 done=0 target=[+0.235620, -0.091133, +0.235620, -0.098105, +1.727910, +1.335150, +1.246119, +1.183563, +1.056751, +0.760597, +0.490057, +0.531853, +0.377148, +0.246300, +0.453592, +0.094715, +0.022802, +0.208995, +0.179972, +0.438526, +0.186871]
frame=100 t= 5.000s reward=+1.040537 done=0 target=[+0.235620, -0.132800, +0.235620, -0.082166, +1.727910, +1.335150, +1.204453, +1.219234, +1.062910, +0.730275, +0.464473, +0.568624, +0.376900, +0.224605, +0.465426, +0.116533, +0.064468, +0.203377, +0.192801, +0.422857, +0.152404]
frame=101 t= 5.050s reward=+1.074839 done=0 target=[+0.235620, -0.151106, +0.235620, -0.098093, +1.727910, +1.335150, +1.163387, +1.235225, +1.021244, +0.714677, +0.434634, +0.570774, +0.359862, +0.223686, +0.478140, +0.119442, +0.102933, +0.171973, +0.174582, +0.402233, +0.131870]
frame=102 t= 5.100s reward=+0.454775 done=0 target=[+0.228946, -0.161353, +0.193953, -0.134619, +1.727910, +1.335150, +1.135708, +1.255313, +0.985065, +0.738627, +0.413531, +0.541120, +0.369579, +0.243511, +0.473969, +0.126381, +0.107471, +0.130306, +0.142437, +0.363292, +0.145198]
frame=103 t= 5.150s reward=+1.024728 done=0 target=[+0.227771, -0.169978, +0.152287, -0.176071, +1.727910, +1.335150, +1.101207, +1.246926, +0.943403, +0.780294, +0.417631, +0.512012, +0.388041, +0.246949, +0.457701, +0.117388, +0.085413, +0.088640, +0.113656, +0.337237, +0.179737]
frame=104 t= 5.200s reward=+1.077252 done=0 target=[+0.227354, -0.163511, +0.110620, -0.217738, +1.727910, +1.335150, +1.059541, +1.223616, +0.901736, +0.821961, +0.428401, +0.510689, +0.420328, +0.237320, +0.467967, +0.084224, +0.061325, +0.074141, +0.103469, +0.335092, +0.212667]
frame=105 t= 5.250s reward=+0.711344 done=0 target=[+0.226674, -0.167018, +0.068953, -0.235620, +1.727910, +1.335150, +1.017874, +1.181949, +0.883542, +0.863627, +0.441078, +0.516907, +0.434230, +0.236373, +0.450914, +0.042914, +0.056373, +0.076767, +0.078073, +0.361589, +0.232488]
frame=106 t= 5.300s reward=+0.935505 done=0 target=[+0.199660, -0.178078, +0.027287, -0.235620, +1.727910, +1.335150, +0.976207, +1.140283, +0.886423, +0.905294, +0.429484, +0.518341, +0.450793, +0.233477, +0.415694, +0.001248, +0.081106, +0.109374, +0.054174, +0.403256, +0.220922]
frame=107 t= 5.350s reward=+0.872482 done=0 target=[+0.189123, -0.165056, -0.014380, -0.235620, +1.727910, +1.335150, +0.999691, +1.098616, +0.892978, +0.946961, +0.387817, +0.540612, +0.439976, +0.242668, +0.374027, +0.000000, +0.122772, +0.150220, +0.067515, +0.444922, +0.220594]
frame=108 t= 5.400s reward=+1.063916 done=0 target=[+0.162227, -0.123389, -0.038329, -0.216244, +1.727910, +1.315125, +1.041358, +1.056949, +0.898047, +0.988499, +0.346150, +0.576077, +0.408838, +0.284335, +0.332360, +0.000000, +0.164439, +0.172304, +0.109182, +0.486589, +0.228832]
frame=109 t= 5.450s reward=+0.844322 done=0 target=[+0.161138, -0.131393, +0.003338, -0.181315, +1.727910, +1.307942, +1.083025, +1.021872, +0.856381, +1.030166, +0.304484, +0.617744, +0.384974, +0.310110, +0.318679, +0.000000, +0.154150, +0.171590, +0.150849, +0.467907, +0.223289]
frame=110 t= 5.500s reward=+1.085519 done=0 target=[+0.159612, -0.157539, +0.045005, -0.169517, +1.727910, +1.324014, +1.124691, +1.034912, +0.870941, +1.070462, +0.297039, +0.649637, +0.371995, +0.350749, +0.332872, +0.001732, +0.112484, +0.183104, +0.192515, +0.436998, +0.201004]
frame=111 t= 5.550s reward=+0.894405 done=0 target=[+0.162368, -0.161317, +0.086671, -0.192504, +1.727910, +1.335150, +1.166358, +1.033002, +0.912607, +1.112128, +0.302722, +0.659215, +0.349766, +0.359041, +0.330419, +0.025587, +0.070991, +0.174467, +0.211357, +0.421218, +0.182920]
frame=112 t= 5.600s reward=+0.940382 done=0 target=[+0.159923, -0.146983, +0.128338, -0.211841, +1.727910, +1.335150, +1.208024, +1.044614, +0.939088, +1.113944, +0.309828, +0.667957, +0.342555, +0.369062, +0.337630, +0.051416, +0.053944, +0.179327, +0.206644, +0.403195, +0.158849]
frame=113 t= 5.650s reward=+0.492081 done=0 target=[+0.168902, -0.120197, +0.127569, -0.235620, +1.727910, +1.335150, +1.249691, +1.060060, +0.954430, +1.084353, +0.325796, +0.654529, +0.332474, +0.373140, +0.350080, +0.064442, +0.035959, +0.172338, +0.203576, +0.390370, +0.161980]
frame=114 t= 5.700s reward=+1.140397 done=0 target=[+0.158723, -0.096556, +0.085902, -0.235620, +1.727910, +1.302056, +1.291358, +1.071613, +0.956561, +1.043030, +0.342409, +0.637142, +0.321198, +0.385331, +0.373850, +0.081834, +0.028685, +0.141028, +0.197055, +0.381694, +0.171244]
frame=115 t= 5.750s reward=+1.113843 done=0 target=[+0.169058, -0.057205, +0.055393, -0.235620, +1.727910, +1.304115, +1.289479, +1.097200, +0.968186, +1.001363, +0.384076, +0.611638, +0.324533, +0.400635, +0.399240, +0.095031, +0.000340, +0.127186, +0.203311, +0.370899, +0.189864]
frame=116 t= 5.800s reward=-0.332781 done=0 target=[+0.189830, -0.036925, +0.070794, -0.235620, +1.727910, +1.289044, +1.268114, +1.118074, +0.967100, +0.959697, +0.425742, +0.594255, +0.326070, +0.370973, +0.440907, +0.102559, +0.000000, +0.123539, +0.192258, +0.388172, +0.202347]
frame=117 t= 5.850s reward=+1.096517 done=0 target=[+0.198438, +0.004647, +0.087891, -0.235620, +1.727910, +1.247377, +1.300362, +1.129969, +0.968834, +0.918030, +0.462524, +0.569055, +0.353471, +0.331886, +0.458442, +0.094798, +0.005010, +0.117832, +0.181591, +0.371280, +0.185555]
frame=118 t= 5.900s reward=-1.116287 done=0 target=[+0.235620, +0.005882, +0.129558, -0.199690, +1.727910, +1.218560, +1.322231, +1.127919, +0.980035, +0.876363, +0.504191, +0.529412, +0.373178, +0.317901, +0.470401, +0.092121, +0.000000, +0.119218, +0.185260, +0.395483, +0.184595]
frame=119 t= 5.950s reward=+1.087659 done=0 target=[+0.231152, -0.035784, +0.171225, -0.174346, +1.727910, +1.260227, +1.305065, +1.111102, +1.021702, +0.839328, +0.491843, +0.492481, +0.400344, +0.300350, +0.433323, +0.101292, +0.001046, +0.147528, +0.180506, +0.422843, +0.187038]
frame=120 t= 6.000s reward=+0.967355 done=0 target=[+0.235620, -0.077451, +0.212891, -0.144292, +1.727910, +1.301893, +1.267130, +1.123142, +1.063368, +0.804220, +0.478754, +0.497571, +0.409863, +0.268985, +0.441296, +0.118146, +0.020569, +0.160054, +0.185954, +0.454298, +0.197157]
frame=121 t= 6.050s reward=+1.062080 done=0 target=[+0.235620, -0.119118, +0.235620, -0.127502, +1.727910, +1.335150, +1.225464, +1.142064, +1.059274, +0.775328, +0.470427, +0.516207, +0.406652, +0.233319, +0.445748, +0.133328, +0.046825, +0.173809, +0.177924, +0.444061, +0.189201]
frame=122 t= 6.100s reward=+1.062986 done=0 target=[+0.235620, -0.160784, +0.235620, -0.105114, +1.727910, +1.335150, +1.183797, +1.181200, +1.044157, +0.746225, +0.454428, +0.538299, +0.395220, +0.221677, +0.453503, +0.136628, +0.073405, +0.180392, +0.178073, +0.428481, +0.170032]
frame=123 t= 6.150s reward=+1.011874 done=0 target=[+0.229599, -0.169226, +0.203975, -0.126722, +1.727910, +1.335150, +1.142130, +1.198062, +1.022520, +0.743954, +0.415087, +0.526471, +0.381428, +0.241557, +0.446727, +0.112258, +0.100597, +0.138725, +0.140965, +0.386814, +0.159725]
frame=124 t= 6.200s reward=+0.841344 done=0 target=[+0.218286, -0.170676, +0.162308, -0.168388, +1.727910, +1.335150, +1.100464, +1.201795, +0.980853, +0.782322, +0.399861, +0.510152, +0.386101, +0.239457, +0.453100, +0.093329, +0.107438, +0.104348, +0.120704, +0.376566, +0.199640]
frame=125 t= 6.250s reward=+1.054034 done=0 target=[+0.211011, -0.176044, +0.120642, -0.210055, +1.727910, +1.335150, +1.058797, +1.185071, +0.939186, +0.823989, +0.400519, +0.495271, +0.412420, +0.233072, +0.437981, +0.070474, +0.087196, +0.088965, +0.089464, +0.366146, +0.241306]
frame=126 t= 6.300s reward=+0.984630 done=0 target=[+0.213293, -0.171372, +0.078975, -0.235620, +1.727910, +1.335150, +1.017131, +1.149073, +0.900985, +0.865656, +0.420002, +0.499847, +0.446854, +0.232586, +0.427341, +0.046673, +0.076053, +0.093678, +0.075452, +0.376992, +0.259115]
frame=127 t= 6.350s reward=+0.836786 done=0 target=[+0.193586, -0.180159, +0.037308, -0.235620, +1.727910, +1.335150, +0.976494, +1.110089, +0.892853, +0.907322, +0.408349, +0.515288, +0.449510, +0.234699, +0.386558, +0.005007, +0.091826, +0.103717, +0.051765, +0.409509, +0.236579]
frame=128 t= 6.400s reward=+0.460227 done=0 target=[+0.170393, -0.181076, -0.004358, -0.235620, +1.727910, +1.335150, +0.988399, +1.068423, +0.914634, +0.948989, +0.366683, +0.537797, +0.438570, +0.239657, +0.344891, +0.000000, +0.133492, +0.135181, +0.067745, +0.451176, +0.229540]
frame=129 t= 6.450s reward=+1.072777 done=0 target=[+0.155855, -0.139834, -0.027956, -0.212032, +1.727910, +1.320707, +1.030066, +1.026756, +0.904615, +0.990656, +0.325016, +0.578762, +0.418690, +0.277819, +0.303765, +0.000000, +0.175159, +0.160636, +0.109412, +0.488532, +0.248837]
frame=130 t= 6.500s reward=+1.090634 done=0 target=[+0.154834, -0.150501, +0.013711, -0.182364, +1.727910, +1.323403, +1.071732, +1.015011, +0.870896, +1.032322, +0.289312, +0.620428, +0.391006, +0.310797, +0.302947, +0.000000, +0.155201, +0.184991, +0.151079, +0.476215, +0.241651]
frame=131 t= 6.550s reward=+0.936173 done=0 target=[+0.151158, -0.151888, +0.055377, -0.178510, +1.727910, +1.335150, +1.113399, +1.014280, +0.887826, +1.073989, +0.283874, +0.652918, +0.360454, +0.332190, +0.293386, +0.000000, +0.113535, +0.190386, +0.192745, +0.461005, +0.235279]
frame=132 t= 6.600s reward=+0.784843 done=0 target=[+0.162373, -0.153089, +0.097044, -0.192839, +1.727910, +1.335150, +1.155065, +1.025573, +0.907449, +1.098284, +0.305104, +0.683044, +0.347243, +0.346804, +0.302824, +0.022834, +0.076898, +0.191119, +0.204965, +0.427484, +0.210098]
frame=133 t= 6.650s reward=+0.288801 done=0 target=[+0.151060, -0.156164, +0.138711, -0.219554, +1.727910, +1.335150, +1.196732, +1.059043, +0.937051, +1.108255, +0.311146, +0.684904, +0.346899, +0.365882, +0.320888, +0.045794, +0.055610, +0.184099, +0.214752, +0.395258, +0.178790]
frame=134 t= 6.700s reward=+0.801577 done=0 target=[+0.153697, -0.138525, +0.107449, -0.235620, +1.727910, +1.309847, +1.238399, +1.056222, +0.949425, +1.098161, +0.308183, +0.673537, +0.329544, +0.366627, +0.331112, +0.055434, +0.035693, +0.153287, +0.206353, +0.381870, +0.167124]
frame=135 t= 6.750s reward=+1.116217 done=0 target=[+0.147114, -0.113337, +0.072649, -0.235620, +1.727910, +1.311594, +1.273312, +1.089432, +0.968188, +1.063044, +0.340937, +0.654164, +0.317814, +0.387065, +0.351467, +0.090380, +0.014076, +0.151511, +0.211058, +0.371937, +0.175048]
frame=136 t= 6.800s reward=+1.115250 done=0 target=[+0.169141, -0.088561, +0.052810, -0.235620, +1.727910, +1.305011, +1.281838, +1.111951, +0.952490, +1.021377, +0.378666, +0.636331, +0.311422, +0.383665, +0.384069, +0.104152, +0.000000, +0.148952, +0.207004, +0.374009, +0.187484]
frame=137 t= 6.850s reward=+1.126364 done=0 target=[+0.183201, -0.064013, +0.058808, -0.235620, +1.727910, +1.301270, +1.275530, +1.124746, +0.964547, +0.979710, +0.420333, +0.606840, +0.309559, +0.397551, +0.424915, +0.111787, +0.000000, +0.134599, +0.197737, +0.388367, +0.193558]
frame=138 t= 6.900s reward=-1.373896 done=0 target=[+0.198541, -0.023064, +0.090370, -0.235620, +1.727910, +1.284053, +1.277145, +1.117906, +0.973090, +0.938044, +0.462000, +0.567406, +0.319745, +0.361328, +0.452029, +0.097243, +0.007381, +0.134337, +0.189405, +0.395362, +0.196290]
frame=139 t= 6.950s reward=+1.078511 done=0 target=[+0.199431, +0.018603, +0.095060, -0.235620, +1.727910, +1.256400, +1.318812, +1.076239, +0.991095, +0.896377, +0.474130, +0.525739, +0.324329, +0.329416, +0.427327, +0.078604, +0.033418, +0.138514, +0.167906, +0.384228, +0.180454]
frame=140 t= 7.000s reward=+0.922259 done=0 target=[+0.235620, +0.017050, +0.136727, -0.207366, +1.727910, +1.256474, +1.319292, +1.092901, +0.980112, +0.854710, +0.515797, +0.498650, +0.357377, +0.313570, +0.444971, +0.092402, +0.013147, +0.145411, +0.179838, +0.409102, +0.203641]
frame=141 t= 7.050s reward=-0.032693 done=0 target=[+0.235620, -0.024616, +0.178394, -0.165699, +1.727910, +1.291110, +1.305540, +1.112206, +1.008291, +0.813544, +0.515971, +0.484536, +0.391070, +0.288013, +0.438094, +0.097434, +0.000000, +0.152758, +0.176662, +0.402978, +0.193409]
frame=142 t= 7.100s reward=-0.403173 done=0 target=[+0.235620, -0.066283, +0.220060, -0.124033, +1.727910, +1.332776, +1.272587, +1.137416, +1.049800, +0.775002, +0.491956, +0.500678, +0.399894, +0.258546, +0.435847, +0.098940, +0.000000, +0.170811, +0.161831, +0.420370, +0.199208]
frame=143 t= 7.150s reward=+1.028404 done=0 target=[+0.235620, -0.107950, +0.235620, -0.094751, +1.727910, +1.335150, +1.230920, +1.179082, +1.067576, +0.743274, +0.464829, +0.533545, +0.407639, +0.230698, +0.442368, +0.110301, +0.036528, +0.187941, +0.170299, +0.429442, +0.190551]
frame=144 t= 7.200s reward=+0.592106 done=0 target=[+0.235620, -0.148926, +0.235620, -0.078772, +1.727910, +1.335150, +1.189254, +1.205003, +1.050364, +0.716906, +0.441101, +0.546501, +0.396761, +0.226087, +0.445225, +0.116436, +0.077526, +0.188339, +0.160939, +0.399498, +0.159001]
frame=145 t= 7.250s reward=+1.019757 done=0 target=[+0.213408, -0.165315, +0.193953, -0.120438, +1.727910, +1.335150, +1.147587, +1.228173, +1.008698, +0.742123, +0.412462, +0.523176, +0.393588, +0.231129, +0.436801, +0.111473, +0.118882, +0.146672, +0.145030, +0.389007, +0.169547]
frame=146 t= 7.300s reward=+1.067204 done=0 target=[+0.209506, -0.175839, +0.152287, -0.162105, +1.727910, +1.335150, +1.105920, +1.228596, +0.967031, +0.783789, +0.416448, +0.490034, +0.409291, +0.245471, +0.432611, +0.112133, +0.117951, +0.105006, +0.128912, +0.371174, +0.196373]
frame=147 t= 7.350s reward=+1.075117 done=0 target=[+0.206700, -0.175893, +0.110620, -0.203772, +1.727910, +1.335150, +1.064254, +1.195332, +0.925364, +0.825456, +0.428506, +0.476198, +0.442139, +0.237188, +0.435898, +0.090094, +0.090783, +0.082653, +0.099474, +0.376355, +0.236507]
frame=148 t= 7.400s reward=-0.265634 done=0 target=[+0.219730, -0.165055, +0.068953, -0.235620, +1.727910, +1.335150, +1.022587, +1.153666, +0.883698, +0.867123, +0.462381, +0.484228, +0.465865, +0.229294, +0.426303, +0.054349, +0.069183, +0.084174, +0.067688, +0.384834, +0.246148]
frame=149 t= 7.450s reward=+1.007334 done=0 target=[+0.188622, -0.175763, +0.027287, -0.235620, +1.727910, +1.335150, +0.989042, +1.111999, +0.901016, +0.908789, +0.429020, +0.497117, +0.473161, +0.242951, +0.384636, +0.012683, +0.100980, +0.113218, +0.050326, +0.426500, +0.224010]
frame=150 t= 7.500s reward=+1.062806 done=0 target=[+0.161463, -0.165021, -0.014380, -0.235620, +1.727910, +1.329397, +1.002195, +1.070332, +0.919058, +0.950456, +0.387354, +0.528343, +0.462422, +0.245309, +0.342970, +0.000000, +0.142646, +0.144463, +0.063694, +0.468167, +0.215045]
frame=151 t= 7.550s reward=+1.079054 done=0 target=[+0.154085, -0.134847, -0.019759, -0.223779, +1.727910, +1.321438, +1.043862, +1.028666, +0.904733, +0.989988, +0.345687, +0.568784, +0.424268, +0.283714, +0.306153, +0.000000, +0.184313, +0.161474, +0.105361, +0.509031, +0.235126]
frame=152 t= 7.600s reward=+0.974018 done=0 target=[+0.149156, -0.145248, +0.016794, -0.198287, +1.727910, +1.305080, +1.085528, +1.021353, +0.875254, +1.031654, +0.304020, +0.610451, +0.392501, +0.315177, +0.294245, +0.000000, +0.161831, +0.166299, +0.147027, +0.482756, +0.223840]
frame=153 t= 7.650s reward=+1.005800 done=0 target=[+0.167565, -0.166111, +0.058460, -0.180308, +1.727910, +1.327909, +1.127195, +1.032714, +0.860615, +1.064676, +0.313496, +0.652117, +0.374707, +0.335401, +0.319189, +0.006571, +0.120164, +0.173306, +0.185289, +0.441231, +0.214291]
frame=154 t= 7.700s reward=+0.798700 done=0 target=[+0.163463, -0.176214, +0.100127, -0.204853, +1.727910, +1.335150, +1.168862, +1.047171, +0.902281, +1.101211, +0.321795, +0.673049, +0.354597, +0.354853, +0.339023, +0.032946, +0.078497, +0.166132, +0.197006, +0.407543, +0.193119]
frame=155 t= 7.750s reward=+0.907472 done=0 target=[+0.152243, -0.173675, +0.141794, -0.229823, +1.727910, +1.334160, +1.210528, +1.059680, +0.943948, +1.108337, +0.329824, +0.671371, +0.339409, +0.373803, +0.346785, +0.059118, +0.047040, +0.178618, +0.200804, +0.398329, +0.167362]
frame=156 t= 7.800s reward=+1.068472 done=0 target=[+0.169950, -0.140737, +0.127519, -0.235620, +1.727910, +1.321208, +1.252195, +1.070416, +0.965099, +1.086844, +0.332426, +0.661224, +0.332764, +0.386230, +0.346523, +0.072872, +0.042804, +0.152398, +0.206222, +0.375775, +0.159196]
frame=157 t= 7.850s reward=+1.078930 done=0 target=[+0.167100, -0.109755, +0.085852, -0.235620, +1.727910, +1.299759, +1.288710, +1.089753, +0.965507, +1.045177, +0.354975, +0.650566, +0.326239, +0.386359, +0.377499, +0.091419, +0.043438, +0.142688, +0.202366, +0.371504, +0.164680]
frame=158 t= 7.900s reward=+1.048458 done=0 target=[+0.171417, -0.072739, +0.053207, -0.235620, +1.727910, +1.300620, +1.287555, +1.130839, +0.980668, +1.003510, +0.389426, +0.620554, +0.331812, +0.387765, +0.401663, +0.100845, +0.008085, +0.140832, +0.193604, +0.357840, +0.169484]
frame=159 t= 7.950s reward=+0.722399 done=0 target=[+0.191170, -0.041505, +0.057868, -0.235620, +1.727910, +1.297507, +1.276824, +1.135799, +0.977646, +0.961844, +0.431093, +0.590930, +0.333857, +0.367443, +0.439101, +0.094898, +0.000000, +0.114383, +0.179619, +0.376371, +0.177932]
frame=160 t= 8.000s reward=+1.017205 done=0 target=[+0.197788, -0.000299, +0.075486, -0.235620, +1.727910, +1.258004, +1.289736, +1.125991, +0.985115, +0.920177, +0.472759, +0.558799, +0.347090, +0.350337, +0.471656, +0.087201, +0.012833, +0.116746, +0.169847, +0.383601, +0.187769]
frame=161 t= 8.050s reward=+0.908098 done=0 target=[+0.235620, +0.019420, +0.117153, -0.223066, +1.727910, +1.269256, +1.290328, +1.098500, +0.996678, +0.878510, +0.514426, +0.517132, +0.357144, +0.309195, +0.461533, +0.091588, +0.000000, +0.135789, +0.165941, +0.403017, +0.199235]
frame=162 t= 8.100s reward=+1.025169 done=0 target=[+0.235620, -0.022246, +0.158820, -0.181399, +1.727910, +1.293502, +1.284193, +1.094927, +1.016324, +0.836844, +0.540213, +0.493247, +0.366403, +0.275370, +0.449271, +0.086844, +0.000000, +0.167770, +0.165528, +0.428838, +0.192920]
frame=163 t= 8.150s reward=+0.077216 done=0 target=[+0.235620, -0.063913, +0.200486, -0.146634, +1.727910, +1.325598, +1.271263, +1.136593, +1.036445, +0.795177, +0.520629, +0.508369, +0.400772, +0.258445, +0.447528, +0.094724, +0.012092, +0.169173, +0.168176, +0.439264, +0.184310]
frame=164 t= 8.200s reward=+0.984639 done=0 target=[+0.235620, -0.105580, +0.235620, -0.110425, +1.727910, +1.335150, +1.236184, +1.178260, +1.071874, +0.754315, +0.478962, +0.550035, +0.417489, +0.240394, +0.460179, +0.091054, +0.030578, +0.178984, +0.155622, +0.429729, +0.167412]
frame=165 t= 8.250s reward=+0.987669 done=0 target=[+0.235620, -0.147246, +0.235620, -0.099389, +1.727910, +1.335150, +1.194517, +1.202441, +1.062501, +0.724757, +0.440249, +0.566008, +0.399723, +0.238517, +0.458576, +0.104398, +0.072244, +0.164104, +0.140437, +0.411508, +0.164066]
frame=166 t= 8.300s reward=+0.959364 done=0 target=[+0.209142, -0.170179, +0.229073, -0.116923, +1.727910, +1.335150, +1.152851, +1.232581, +1.026775, +0.724074, +0.406863, +0.556340, +0.391961, +0.237008, +0.449105, +0.103749, +0.107258, +0.138019, +0.127424, +0.390459, +0.164133]
frame=167 t= 8.350s reward=+0.991603 done=0 target=[+0.211821, -0.176773, +0.187406, -0.158590, +1.727910, +1.335150, +1.111184, +1.224090, +0.985108, +0.765741, +0.382566, +0.522376, +0.399733, +0.240756, +0.443759, +0.091571, +0.103550, +0.096352, +0.117830, +0.369111, +0.205800]
frame=168 t= 8.400s reward=+0.549779 done=0 target=[+0.204741, -0.183659, +0.145740, -0.200257, +1.727910, +1.335150, +1.069518, +1.210321, +0.943442, +0.807408, +0.395815, +0.506993, +0.427141, +0.244081, +0.438267, +0.083385, +0.085024, +0.078024, +0.094832, +0.356286, +0.247466]
frame=169 t= 8.450s reward=+0.794964 done=0 target=[+0.216767, -0.176576, +0.104073, -0.235620, +1.727910, +1.335150, +1.027851, +1.181135, +0.903167, +0.849075, +0.425948, +0.503733, +0.468808, +0.236355, +0.426748, +0.061226, +0.066774, +0.070659, +0.081582, +0.367081, +0.263581]
frame=170 t= 8.500s reward=+0.905883 done=0 target=[+0.215949, -0.182362, +0.062406, -0.235620, +1.727910, +1.335150, +0.986184, +1.139468, +0.897665, +0.890741, +0.426612, +0.514029, +0.490631, +0.236498, +0.400641, +0.019559, +0.066030, +0.087519, +0.055890, +0.406138, +0.249765]
frame=171 t= 8.550s reward=+1.031978 done=0 target=[+0.199346, -0.191207, +0.020740, -0.235620, +1.727910, +1.335150, +0.967440, +1.097801, +0.886134, +0.932408, +0.396564, +0.532575, +0.493916, +0.231561, +0.365191, +0.000000, +0.107697, +0.116735, +0.050839, +0.447804, +0.238155]
frame=172 t= 8.600s reward=+1.069014 done=0 target=[+0.172939, -0.155602, -0.020927, -0.235620, +1.727910, +1.335150, +1.008734, +1.056135, +0.903777, +0.974075, +0.354898, +0.546582, +0.469692, +0.251446, +0.323524, +0.000000, +0.149363, +0.140917, +0.088367, +0.489471, +0.243871]
frame=173 t= 8.650s reward=+0.995414 done=0 target=[+0.177784, -0.134412, -0.011402, -0.216035, +1.727910, +1.335150, +1.050400, +1.014468, +0.883654, +1.013276, +0.313231, +0.574521, +0.441225, +0.288891, +0.299418, +0.000000, +0.133205, +0.163530, +0.130034, +0.496395, +0.235634]
frame=174 t= 8.700s reward=+0.953932 done=0 target=[+0.175177, -0.144082, +0.030265, -0.195742, +1.727910, +1.335150, +1.092067, +0.999362, +0.875873, +1.054943, +0.291985, +0.610199, +0.416309, +0.319716, +0.303253, +0.001553, +0.110265, +0.171101, +0.171700, +0.475412, +0.226179]
frame=175 t= 8.750s reward=+0.991082 done=0 target=[+0.174755, -0.146373, +0.071932, -0.199154, +1.727910, +1.335150, +1.133734, +1.014447, +0.909862, +1.096421, +0.307109, +0.646320, +0.395542, +0.350491, +0.307004, +0.033282, +0.086517, +0.181183, +0.199603, +0.441550, +0.209913]
frame=176 t= 8.800s reward=+0.758254 done=0 target=[+0.181690, -0.130207, +0.113598, -0.229189, +1.727910, +1.335150, +1.175400, +1.017368, +0.937603, +1.121796, +0.312029, +0.664862, +0.361538, +0.349766, +0.320031, +0.051158, +0.066650, +0.174255, +0.205381, +0.426903, +0.207170]
frame=177 t= 8.850s reward=+0.968150 done=0 target=[+0.182872, -0.107670, +0.141179, -0.235620, +1.727910, +1.335150, +1.217067, +1.026901, +0.956345, +1.107407, +0.346422, +0.656735, +0.345010, +0.370885, +0.331322, +0.084692, +0.024983, +0.174214, +0.210178, +0.401898, +0.190438]
frame=178 t= 8.900s reward=+0.508642 done=0 target=[+0.168761, -0.080854, +0.107959, -0.235620, +1.727910, +1.310068, +1.258734, +1.047150, +0.968892, +1.068236, +0.353912, +0.654343, +0.313710, +0.388534, +0.349872, +0.096938, +0.024315, +0.151572, +0.220883, +0.390974, +0.195652]
frame=179 t= 8.950s reward=+1.000084 done=0 target=[+0.177615, -0.049795, +0.067344, -0.235620, +1.727910, +1.293986, +1.286103, +1.064775, +0.967957, +1.026569, +0.380120, +0.642790, +0.287319, +0.392093, +0.374943, +0.109191, +0.015208, +0.137408, +0.217114, +0.382075, +0.218218]
frame=180 t= 9.000s reward=+1.066526 done=0 target=[+0.187954, -0.029985, +0.076047, -0.235620, +1.727910, +1.296880, +1.270253, +1.087785, +0.964167, +0.984902, +0.421786, +0.620936, +0.285128, +0.379849, +0.410184, +0.122072, +0.000000, +0.155999, +0.221235, +0.383187, +0.244836]
frame=181 t= 9.050s reward=+0.296710 done=0 target=[+0.190228, -0.005181, +0.089328, -0.235620, +1.727910, +1.263403, +1.272013, +1.106697, +0.976599, +0.943236, +0.450028, +0.595650, +0.299374, +0.357012, +0.433095, +0.114549, +0.000000, +0.136566, +0.215722, +0.377115, +0.232954]
frame=182 t= 9.100s reward=+0.954337 done=0 target=[+0.216800, +0.012674, +0.130995, -0.225480, +1.727910, +1.229935, +1.297135, +1.104320, +0.986994, +0.901569, +0.491695, +0.563741, +0.323248, +0.336284, +0.441667, +0.112414, +0.000000, +0.132225, +0.217800, +0.386424, +0.212578]
frame=183 t= 9.150s reward=+1.019052 done=0 target=[+0.235620, -0.004185, +0.172662, -0.183814, +1.727910, +1.252798, +1.291486, +1.117967, +0.988380, +0.859902, +0.513527, +0.537922, +0.334192, +0.294617, +0.441983, +0.104382, +0.000000, +0.139939, +0.207876, +0.398742, +0.212925]
frame=184 t= 9.200s reward=+1.010655 done=0 target=[+0.235620, -0.045852, +0.214328, -0.142147, +1.727910, +1.294464, +1.249819, +1.132154, +1.027279, +0.821661, +0.512624, +0.528643, +0.354344, +0.261373, +0.439643, +0.102096, +0.000000, +0.179546, +0.197971, +0.418630, +0.202509]
frame=185 t= 9.250s reward=-0.541560 done=0 target=[+0.235620, -0.087519, +0.235620, -0.131700, +1.727910, +1.335150, +1.208153, +1.139250, +1.041182, +0.788481, +0.499335, +0.546928, +0.364092, +0.242416, +0.445175, +0.101084, +0.041667, +0.186996, +0.198188, +0.426310, +0.196573]
frame=186 t= 9.300s reward=+0.976880 done=0 target=[+0.223694, -0.126231, +0.234282, -0.155744, +1.727910, +1.335150, +1.166486, +1.162410, +1.041338, +0.773251, +0.469252, +0.549141, +0.364158, +0.257667, +0.432153, +0.096044, +0.083333, +0.163234, +0.166916, +0.401512, +0.182602]
frame=187 t= 9.350s reward=+0.047857 done=0 target=[+0.221051, -0.153085, +0.212264, -0.159923, +1.727910, +1.335150, +1.124820, +1.195900, +1.008101, +0.780517, +0.441657, +0.544736, +0.373463, +0.240229, +0.438776, +0.099357, +0.105724, +0.133226, +0.158223, +0.391748, +0.198516]
frame=188 t= 9.400s reward=+0.958823 done=0 target=[+0.215680, -0.174253, +0.170597, -0.187978, +1.727910, +1.335150, +1.085294, +1.216018, +0.977048, +0.816000, +0.426641, +0.524686, +0.397903, +0.239809, +0.428411, +0.097742, +0.093753, +0.103996, +0.132625, +0.365773, +0.209542]
frame=189 t= 9.450s reward=+0.958477 done=0 target=[+0.227088, -0.178266, +0.128930, -0.217695, +1.727910, +1.335150, +1.051242, +1.206750, +0.935381, +0.853084, +0.441682, +0.520080, +0.425309, +0.233426, +0.434819, +0.090518, +0.073610, +0.088580, +0.121255, +0.365880, +0.235138]
frame=190 t= 9.500s reward=+0.913271 done=0 target=[+0.212202, -0.186265, +0.087264, -0.235620, +1.727910, +1.335150, +1.009946, +1.175955, +0.912686, +0.894750, +0.430658, +0.516708, +0.450016, +0.239511, +0.418245, +0.057065, +0.070653, +0.090589, +0.090714, +0.378203, +0.245257]
frame=191 t= 9.550s reward=+0.876013 done=0 target=[+0.198785, -0.178891, +0.045597, -0.235620, +1.727910, +1.335150, +0.984860, +1.134288, +0.898213, +0.934506, +0.403615, +0.532469, +0.467825, +0.243368, +0.390865, +0.015398, +0.096247, +0.104348, +0.077734, +0.419870, +0.247691]
frame=192 t= 9.600s reward=+1.013608 done=0 target=[+0.208118, -0.176324, +0.003930, -0.235620, +1.727910, +1.335150, +0.982248, +1.092622, +0.863391, +0.969190, +0.379160, +0.546816, +0.464839, +0.247818, +0.360371, +0.000000, +0.115254, +0.126173, +0.072268, +0.461536, +0.252099]
frame=193 t= 9.650s reward=+1.052426 done=0 target=[+0.190141, -0.157669, -0.024049, -0.235620, +1.727910, +1.335150, +1.017113, +1.050955, +0.887373, +1.010857, +0.338566, +0.554592, +0.461226, +0.278157, +0.318705, +0.000000, +0.137296, +0.162622, +0.106821, +0.494615, +0.243734]
frame=194 t= 9.700s reward=+1.042182 done=0 target=[+0.210224, -0.149528, +0.003974, -0.225832, +1.727910, +1.335150, +1.058779, +1.009288, +0.873730, +1.050825, +0.315411, +0.569235, +0.441545, +0.288625, +0.304792, +0.000000, +0.106358, +0.153904, +0.133474, +0.478412, +0.241019]
frame=195 t= 9.750s reward=+0.907787 done=0 target=[+0.198082, -0.145343, +0.045640, -0.209142, +1.727910, +1.335150, +1.100446, +0.986132, +0.899568, +1.092492, +0.314308, +0.586000, +0.429370, +0.320453, +0.306459, +0.017992, +0.075307, +0.173065, +0.166994, +0.458781, +0.223054]
frame=196 t= 9.800s reward=-1.370179 done=0 target=[+0.201742, -0.130209, +0.087307, -0.224136, +1.727910, +1.335150, +1.142113, +0.976134, +0.941235, +1.109931, +0.336917, +0.603862, +0.398151, +0.354230, +0.318843, +0.053169, +0.063472, +0.173363, +0.189140, +0.460268, +0.193279]
frame=197 t= 9.850s reward=+0.942894 done=0 target=[+0.174844, -0.088542, +0.093379, -0.235620, +1.727910, +1.335150, +1.183779, +0.983868, +0.982902, +1.125973, +0.325304, +0.600836, +0.380536, +0.395114, +0.309664, +0.075959, +0.065215, +0.158649, +0.212465, +0.438329, +0.168412]
frame=198 t= 9.900s reward=+0.012961 done=0 target=[+0.187672, -0.050048, +0.092877, -0.235620, +1.727910, +1.335150, +1.225446, +1.000810, +0.986720, +1.084306, +0.360990, +0.612009, +0.344012, +0.406889, +0.331017, +0.112295, +0.047313, +0.145446, +0.210081, +0.420172, +0.169633]
frame=199 t= 9.950s reward=+1.002332 done=0 target=[+0.184997, -0.021787, +0.075305, -0.235620, +1.727910, +1.299414, +1.267112, +1.042175, +0.988906, +1.042639, +0.391172, +0.616717, +0.313156, +0.406392, +0.359154, +0.138350, +0.014270, +0.138059, +0.215382, +0.389279, +0.192549]
frame=200 t=10.000s reward=+1.077476 done=0 target=[+0.202357, -0.008207, +0.088820, -0.235620, +1.727910, +1.270879, +1.277197, +1.071638, +0.992832, +1.000973, +0.432838, +0.612085, +0.286355, +0.390336, +0.400820, +0.141288, +0.000000, +0.131962, +0.226354, +0.395301, +0.219232]
frame=201 t=10.050s reward=+0.740223 done=0 target=[+0.205575, +0.010816, +0.113848, -0.234948, +1.727910, +1.237441, +1.301676, +1.080801, +0.996599, +0.959306, +0.461977, +0.592212, +0.282817, +0.371285, +0.435977, +0.123510, +0.000000, +0.149725, +0.235572, +0.386747, +0.227953]
frame=202 t=10.100s reward=+1.015992 done=0 target=[+0.204316, +0.032240, +0.144995, -0.217265, +1.727910, +1.214230, +1.321749, +1.102263, +1.011952, +0.917639, +0.491419, +0.560607, +0.295695, +0.362910, +0.447268, +0.125501, +0.000000, +0.146431, +0.237932, +0.363175, +0.230477]
frame=203 t=10.150s reward=+0.876023 done=0 target=[+0.235620, +0.005494, +0.186662, -0.181160, +1.727910, +1.255897, +1.303945, +1.094555, +1.023891, +0.875973, +0.533085, +0.520523, +0.296542, +0.321244, +0.440953, +0.126944, +0.000000, +0.162929, +0.238234, +0.401826, +0.240387]
frame=204 t=10.200s reward=+0.965189 done=0 target=[+0.235620, -0.036172, +0.228329, -0.146003, +1.727910, +1.297563, +1.262278, +1.123147, +1.058164, +0.834306, +0.533133, +0.518309, +0.315645, +0.279577, +0.435016, +0.110943, +0.000000, +0.193005, +0.229387, +0.431290, +0.225880]
frame=205 t=10.250s reward=+1.011382 done=0 target=[+0.235620, -0.077839, +0.235620, -0.136331, +1.727910, +1.335150, +1.220611, +1.158091, +1.071098, +0.797063, +0.504119, +0.551958, +0.336674, +0.255075, +0.439192, +0.102024, +0.041667, +0.196778, +0.207461, +0.429125, +0.207080]
frame=206 t=10.300s reward=+1.009184 done=0 target=[+0.235620, -0.119506, +0.235620, -0.125996, +1.727910, +1.335150, +1.178945, +1.191087, +1.055516, +0.764486, +0.481545, +0.583603, +0.338370, +0.234686, +0.444982, +0.098140, +0.077447, +0.197605, +0.188441, +0.405713, +0.181912]
frame=207 t=10.350s reward=+0.982450 done=0 target=[+0.224504, -0.155641, +0.210395, -0.158019, +1.727910, +1.335150, +1.137278, +1.221383, +1.026251, +0.767673, +0.455847, +0.573182, +0.339152, +0.244142, +0.444752, +0.098491, +0.112666, +0.157213, +0.175110, +0.393874, +0.179718]
frame=208 t=10.400s reward=+0.973134 done=0 target=[+0.218063, -0.180313, +0.168728, -0.192725, +1.727910, +1.335150, +1.095612, +1.227381, +0.984584, +0.797617, +0.444494, +0.544917, +0.343617, +0.251876, +0.438366, +0.086490, +0.114337, +0.118140, +0.151346, +0.378087, +0.193092]
frame=209 t=10.450s reward=+1.017986 done=0 target=[+0.229822, -0.198077, +0.127062, -0.217212, +1.727910, +1.335150, +1.053979, +1.198624, +0.942918, +0.839283, +0.451356, +0.518733, +0.373726, +0.238610, +0.435220, +0.077822, +0.089603, +0.097952, +0.115202, +0.370832, +0.234759]
frame=210 t=10.500s reward=+1.019500 done=0 target=[+0.235620, -0.186707, +0.085395, -0.235620, +1.727910, +1.335150, +1.012313, +1.167694, +0.901251, +0.880950, +0.461755, +0.525883, +0.415392, +0.225739, +0.430087, +0.057942, +0.077457, +0.094673, +0.083650, +0.367750, +0.253021]
frame=211 t=10.550s reward=+0.787952 done=0 target=[+0.232729, -0.177886, +0.043728, -0.235620, +1.727910, +1.335150, +0.976742, +1.126027, +0.882251, +0.922617, +0.447897, +0.531662, +0.446168, +0.227561, +0.412331, +0.016276, +0.082125, +0.102564, +0.055714, +0.400545, +0.240945]
frame=212 t=10.600s reward=+0.968267 done=0 target=[+0.214681, -0.182864, +0.002062, -0.235620, +1.727910, +1.335150, +0.962529, +1.084361, +0.883411, +0.964283, +0.408913, +0.537537, +0.461189, +0.248379, +0.370664, +0.000000, +0.110825, +0.127270, +0.043640, +0.442212, +0.205518]
frame=213 t=10.650s reward=+1.073084 done=0 target=[+0.201755, -0.156431, -0.035912, -0.235620, +1.727910, +1.335150, +1.004195, +1.042694, +0.878631, +0.999848, +0.367246, +0.559977, +0.444984, +0.268964, +0.332878, +0.000000, +0.152492, +0.150525, +0.064639, +0.483879, +0.215748]
frame=214 t=10.700s reward=+1.021107 done=0 target=[+0.186693, -0.131378, -0.019896, -0.195170, +1.727910, +1.335150, +1.045862, +1.001028, +0.871388, +1.037131, +0.325579, +0.581904, +0.422951, +0.308490, +0.304449, +0.000000, +0.144163, +0.165187, +0.106306, +0.498920, +0.228938]
frame=215 t=10.750s reward=+0.943891 done=0 target=[+0.175073, -0.134331, +0.021771, -0.174946, +1.727910, +1.323478, +1.087529, +1.009356, +0.873492, +1.078797, +0.288978, +0.618048, +0.411267, +0.317700, +0.294268, +0.002171, +0.115080, +0.176999, +0.147973, +0.457254, +0.205881]
frame=216 t=10.800s reward=+1.006261 done=0 target=[+0.179065, -0.144040, +0.063438, -0.178530, +1.727910, +1.335150, +1.129195, +1.011792, +0.912664, +1.106261, +0.315872, +0.635153, +0.384834, +0.345625, +0.313059, +0.043838, +0.073414, +0.166603, +0.189639, +0.437973, +0.191733]
frame=217 t=10.850s reward=+0.943842 done=0 target=[+0.178185, -0.126998, +0.105104, -0.205766, +1.727910, +1.335150, +1.170862, +0.995316, +0.954330, +1.109315, +0.322013, +0.637508, +0.348722, +0.367628, +0.321861, +0.056965, +0.053523, +0.176084, +0.210979, +0.427654, +0.168767]
frame=218 t=10.900s reward=-1.458167 done=0 target=[+0.167542, -0.097545, +0.118191, -0.235620, +1.727910, +1.335150, +1.212528, +1.006128, +0.971886, +1.100471, +0.336583, +0.639084, +0.334410, +0.393816, +0.329979, +0.084008, +0.052637, +0.175759, +0.211879, +0.407766, +0.158822]
frame=219 t=10.950s reward=+1.011120 done=0 target=[+0.157432, -0.066257, +0.076524, -0.235620, +1.727910, +1.293483, +1.254195, +1.037635, +0.983029, +1.086238, +0.312590, +0.639704, +0.319803, +0.399228, +0.333102, +0.095611, +0.054280, +0.157704, +0.209845, +0.380617, +0.169278]
frame=220 t=11.000s reward=+0.805372 done=0 target=[+0.180829, -0.056640, +0.072421, -0.235620, +1.727910, +1.306248, +1.265327, +1.057372, +0.969851, +1.044571, +0.354257, +0.625500, +0.302335, +0.399910, +0.366154, +0.120163, +0.012614, +0.150391, +0.213493, +0.389396, +0.188533]
frame=221 t=11.050s reward=+1.069312 done=0 target=[+0.174672, -0.032929, +0.059279, -0.235620, +1.727910, +1.275643, +1.295699, +1.084708, +0.979566, +1.002904, +0.386629, +0.615683, +0.300828, +0.407826, +0.398116, +0.135208, +0.000000, +0.155597, +0.225557, +0.372947, +0.197093]
frame=222 t=11.100s reward=+1.041022 done=0 target=[+0.203175, -0.013347, +0.096499, -0.235620, +1.727910, +1.262084, +1.299631, +1.076560, +0.975182, +0.961238, +0.428296, +0.591277, +0.290054, +0.394201, +0.430802, +0.137180, +0.000000, +0.154289, +0.227540, +0.378688, +0.216586]
frame=223 t=11.150s reward=+1.062837 done=0 target=[+0.217853, +0.005531, +0.138165, -0.230873, +1.727910, +1.239044, +1.319798, +1.067701, +0.992792, +0.919571, +0.469962, +0.549610, +0.286538, +0.362406, +0.438778, +0.139023, +0.000000, +0.140538, +0.240763, +0.394686, +0.212788]
frame=224 t=11.200s reward=+1.014772 done=0 target=[+0.235620, +0.010856, +0.179832, -0.189206, +1.727910, +1.254803, +1.324101, +1.057218, +0.985789, +0.877904, +0.511629, +0.511036, +0.281096, +0.320740, +0.445945, +0.131831, +0.000000, +0.166343, +0.238653, +0.419081, +0.225502]
frame=225 t=11.250s reward=+1.030222 done=0 target=[+0.235620, -0.030811, +0.221499, -0.147540, +1.727910, +1.287796, +1.304207, +1.098885, +1.001849, +0.836238, +0.527395, +0.515588, +0.294422, +0.279073, +0.450095, +0.117344, +0.000000, +0.184861, +0.235241, +0.437603, +0.222660]
frame=226 t=11.300s reward=+0.996197 done=0 target=[+0.235620, -0.072477, +0.235620, -0.105873, +1.727910, +1.329463, +1.262541, +1.140552, +1.043516, +0.794571, +0.508562, +0.540379, +0.308977, +0.249173, +0.454601, +0.109273, +0.000000, +0.205237, +0.227364, +0.446310, +0.198744]
frame=227 t=11.350s reward=+0.924431 done=0 target=[+0.235620, -0.114144, +0.235620, -0.070726, +1.727910, +1.335150, +1.220874, +1.182218, +1.075042, +0.757848, +0.473767, +0.582046, +0.316616, +0.218435, +0.471458, +0.106805, +0.035658, +0.211125, +0.222690, +0.434256, +0.160978]
frame=228 t=11.400s reward=+0.977417 done=0 target=[+0.218982, -0.153760, +0.222917, -0.106553, +1.727910, +1.335150, +1.179207, +1.206264, +1.050338, +0.751728, +0.448751, +0.556094, +0.307439, +0.234455, +0.465222, +0.112090, +0.077325, +0.184422, +0.202365, +0.427818, +0.149120]
frame=229 t=11.450s reward=+0.750402 done=0 target=[+0.210988, -0.175188, +0.181251, -0.140697, +1.727910, +1.335150, +1.137541, +1.215102, +1.008671, +0.776653, +0.440290, +0.514428, +0.326218, +0.251783, +0.453455, +0.118557, +0.107588, +0.151222, +0.168771, +0.399713, +0.162306]
frame=230 t=11.500s reward=+1.035891 done=0 target=[+0.221025, -0.180513, +0.139584, -0.182364, +1.727910, +1.335150, +1.095874, +1.211301, +0.967005, +0.818320, +0.432097, +0.491268, +0.367884, +0.240462, +0.447600, +0.103316, +0.101274, +0.117415, +0.128106, +0.375980, +0.199259]
frame=231 t=11.550s reward=+1.035873 done=0 target=[+0.222613, -0.183315, +0.097917, -0.224031, +1.727910, +1.335150, +1.054208, +1.188012, +0.925338, +0.859987, +0.423199, +0.494432, +0.409551, +0.228341, +0.447998, +0.077187, +0.091128, +0.100667, +0.099806, +0.381021, +0.235835]
frame=232 t=11.600s reward=+0.648527 done=0 target=[+0.210804, -0.175525, +0.056251, -0.235620, +1.727910, +1.335150, +1.012541, +1.146345, +0.891106, +0.901653, +0.419423, +0.504913, +0.442152, +0.231941, +0.415644, +0.043787, +0.080872, +0.108512, +0.064143, +0.381654, +0.242872]
frame=233 t=11.650s reward=+0.947491 done=0 target=[+0.204684, -0.180109, +0.014584, -0.235620, +1.727910, +1.335150, +0.980322, +1.104679, +0.883023, +0.943320, +0.393912, +0.519025, +0.449690, +0.233993, +0.376647, +0.002120, +0.094647, +0.112050, +0.052933, +0.423321, +0.229204]
frame=234 t=11.700s reward=+1.061734 done=0 target=[+0.184685, -0.162641, -0.027083, -0.235620, +1.727910, +1.334627, +1.008602, +1.063012, +0.888539, +0.983998, +0.352245, +0.545330, +0.436855, +0.258007, +0.337787, +0.000000, +0.136313, +0.143969, +0.078687, +0.464987, +0.221011]
frame=235 t=11.750s reward=+1.072800 done=0 target=[+0.171035, -0.147122, -0.016800, -0.199845, +1.727910, +1.328552, +1.050268, +1.021345, +0.877827, +1.019425, +0.310578, +0.572880, +0.419348, +0.293686, +0.316620, +0.000000, +0.144272, +0.156832, +0.120354, +0.483933, +0.224551]
frame=236 t=11.800s reward=+1.055008 done=0 target=[+0.178612, -0.154389, +0.024866, -0.183840, +1.727910, +1.335150, +1.091935, +1.000289, +0.875234, +1.059962, +0.298850, +0.602992, +0.400277, +0.328537, +0.315935, +0.001989, +0.107446, +0.162933, +0.162021, +0.468259, +0.224520]
frame=237 t=11.850s reward=+0.736805 done=0 target=[+0.161463, -0.160683, +0.066533, -0.190467, +1.727910, +1.335150, +1.133602, +1.035074, +0.916901, +1.095902, +0.300579, +0.637553, +0.391291, +0.349686, +0.318386, +0.032778, +0.096951, +0.183098, +0.196165, +0.438477, +0.192618]
frame=238 t=11.900s reward=+0.833926 done=0 target=[+0.185092, -0.164155, +0.108200, -0.223221, +1.727910, +1.335150, +1.175268, +1.044931, +0.937274, +1.102018, +0.330142, +0.660319, +0.367217, +0.355130, +0.344237, +0.068995, +0.071634, +0.154726, +0.204066, +0.426841, +0.168297]
frame=239 t=11.950s reward=-0.268136 done=0 target=[+0.188798, -0.140578, +0.127673, -0.235620, +1.727910, +1.335150, +1.216935, +1.045660, +0.978941, +1.094132, +0.340216, +0.658209, +0.342025, +0.390320, +0.352532, +0.083931, +0.041145, +0.166451, +0.195266, +0.409435, +0.169137]
frame=240 t=12.000s reward=+1.032269 done=0 target=[+0.171791, -0.098911, +0.088035, -0.235620, +1.727910, +1.295389, +1.258601, +1.063673, +0.982678, +1.060811, +0.323289, +0.650203, +0.332806, +0.379195, +0.350714, +0.089264, +0.028375, +0.167117, +0.197061, +0.382352, +0.169627]
frame=241 t=12.050s reward=+1.027845 done=0 target=[+0.185253, -0.074448, +0.077188, -0.235620, +1.727910, +1.303883, +1.276688, +1.091199, +0.969137, +1.019145, +0.356024, +0.635452, +0.324717, +0.385880, +0.378288, +0.108879, +0.004628, +0.151853, +0.205171, +0.373888, +0.182597]
frame=242 t=12.100s reward=+0.887412 done=0 target=[+0.191014, -0.053674, +0.081817, -0.235620, +1.727910, +1.313651, +1.280775, +1.078872, +0.968798, +0.977478, +0.397691, +0.601444, +0.313994, +0.390095, +0.417816, +0.119953, +0.000000, +0.156224, +0.207491, +0.391483, +0.194938]
frame=243 t=12.150s reward=+1.015467 done=0 target=[+0.189387, -0.018137, +0.081124, -0.235620, +1.727910, +1.271985, +1.302685, +1.095781, +0.973163, +0.935811, +0.434318, +0.584567, +0.315826, +0.375370, +0.454241, +0.113291, +0.005369, +0.124639, +0.202736, +0.379131, +0.201045]
frame=244 t=12.200s reward=+1.065568 done=0 target=[+0.215834, -0.002572, +0.122791, -0.225648, +1.727910, +1.250440, +1.291691, +1.119182, +0.972649, +0.894145, +0.475984, +0.565235, +0.320234, +0.345872, +0.480953, +0.108155, +0.000000, +0.132717, +0.209194, +0.395084, +0.215950]
frame=245 t=12.250s reward=+1.032162 done=0 target=[+0.235620, -0.005496, +0.164458, -0.183981, +1.727910, +1.252292, +1.309591, +1.120271, +0.982119, +0.852478, +0.517651, +0.532170, +0.327789, +0.312549, +0.472156, +0.105460, +0.000000, +0.145796, +0.197159, +0.387837, +0.219702]
frame=246 t=12.300s reward=-0.555525 done=0 target=[+0.235620, -0.047162, +0.206124, -0.142315, +1.727910, +1.287144, +1.275437, +1.161938, +1.023786, +0.812698, +0.499515, +0.527086, +0.361831, +0.275619, +0.468569, +0.096785, +0.000000, +0.171032, +0.206610, +0.397465, +0.194118]
frame=247 t=12.350s reward=+1.020234 done=0 target=[+0.235620, -0.088829, +0.235620, -0.100648, +1.727910, +1.328811, +1.236789, +1.191371, +1.065452, +0.785177, +0.458946, +0.545927, +0.395687, +0.262476, +0.470826, +0.097924, +0.010751, +0.171559, +0.192639, +0.396120, +0.193123]
frame=248 t=12.400s reward=+0.950495 done=0 target=[+0.235620, -0.130496, +0.235620, -0.077681, +1.727910, +1.335150, +1.195122, +1.211187, +1.059627, +0.757493, +0.442224, +0.576811, +0.391023, +0.233592, +0.474195, +0.111135, +0.050671, +0.173369, +0.178950, +0.399106, +0.180968]
frame=249 t=12.450s reward=+0.612658 done=0 target=[+0.221011, -0.164304, +0.225994, -0.111942, +1.727910, +1.335150, +1.153456, +1.219936, +1.038785, +0.757964, +0.411825, +0.558618, +0.377602, +0.240667, +0.461054, +0.104030, +0.092338, +0.144955, +0.159333, +0.390229, +0.176819]
frame=250 t=12.500s reward=+0.716210 done=0 target=[+0.202442, -0.185777, +0.184328, -0.153609, +1.727910, +1.335150, +1.111789, +1.223837, +0.997118, +0.793107, +0.399591, +0.525785, +0.384585, +0.246057, +0.447872, +0.098650, +0.117011, +0.113428, +0.148903, +0.382173, +0.197732]
frame=251 t=12.550s reward=+0.456907 done=0 target=[+0.214570, -0.190195, +0.142661, -0.195276, +1.727910, +1.335150, +1.070122, +1.192198, +0.955451, +0.834773, +0.405158, +0.504901, +0.422118, +0.246391, +0.446839, +0.081688, +0.098424, +0.092377, +0.120388, +0.366386, +0.233950]
frame=252 t=12.600s reward=+1.014591 done=0 target=[+0.212826, -0.191959, +0.100994, -0.235620, +1.727910, +1.335150, +1.032473, +1.161298, +0.913785, +0.876440, +0.424420, +0.501300, +0.455765, +0.238073, +0.438362, +0.057306, +0.078713, +0.082481, +0.086705, +0.386252, +0.264090]
frame=253 t=12.650s reward=+0.537141 done=0 target=[+0.221693, -0.174372, +0.059328, -0.235620, +1.727910, +1.335150, +0.990806, +1.119631, +0.900687, +0.918107, +0.423440, +0.512090, +0.481088, +0.229788, +0.402493, +0.015640, +0.070933, +0.096657, +0.047382, +0.410176, +0.257005]
frame=254 t=12.700s reward=+0.967704 done=0 target=[+0.207490, -0.177470, +0.017661, -0.235620, +1.727910, +1.335150, +0.979901, +1.077965, +0.903744, +0.959774, +0.381774, +0.536413, +0.474640, +0.239810, +0.360827, +0.000000, +0.112599, +0.136187, +0.053109, +0.451842, +0.244014]
frame=255 t=12.750s reward=+1.063092 done=0 target=[+0.190474, -0.148151, -0.016821, -0.235620, +1.727910, +1.335150, +1.021568, +1.036298, +0.910484, +1.001440, +0.340107, +0.556958, +0.446480, +0.268225, +0.319160, +0.000000, +0.154266, +0.152008, +0.090871, +0.493509, +0.238972]
frame=256 t=12.800s reward=+1.075257 done=0 target=[+0.171558, -0.131868, +0.013439, -0.202269, +1.727910, +1.328170, +1.063234, +1.014372, +0.879534, +1.041109, +0.298440, +0.598625, +0.431572, +0.293537, +0.295348, +0.000000, +0.154734, +0.153343, +0.132537, +0.474134, +0.238583]
frame=257 t=12.850s reward=+0.925049 done=0 target=[+0.171960, -0.130657, +0.055105, -0.176423, +1.727910, +1.335150, +1.104901, +1.006152, +0.873462, +1.079250, +0.276439, +0.636028, +0.400387, +0.325745, +0.292369, +0.000000, +0.113067, +0.161830, +0.174204, +0.456435, +0.245802]
frame=258 t=12.900s reward=+0.898564 done=0 target=[+0.175643, -0.145937, +0.096772, -0.177072, +1.727910, +1.335150, +1.146568, +1.025016, +0.900104, +1.105835, +0.296838, +0.677468, +0.373507, +0.351111, +0.306633, +0.033865, +0.071401, +0.185559, +0.214151, +0.423204, +0.223224]
frame=259 t=12.950s reward=-0.302499 done=0 target=[+0.157757, -0.144461, +0.138439, -0.215628, +1.727910, +1.335150, +1.188234, +1.042894, +0.933601, +1.111846, +0.320350, +0.686085, +0.344984, +0.355667, +0.319141, +0.064160, +0.044352, +0.179066, +0.213675, +0.396192, +0.189573]
frame=260 t=13.000s reward=+1.097904 done=0 target=[+0.166002, -0.123519, +0.116545, -0.235620, +1.727910, +1.313774, +1.229901, +1.046298, +0.961589, +1.111054, +0.310840, +0.679700, +0.320087, +0.368033, +0.329047, +0.068382, +0.034766, +0.146394, +0.216231, +0.385752, +0.184887]
frame=261 t=13.050s reward=+0.998771 done=0 target=[+0.159252, -0.102010, +0.094041, -0.235620, +1.727910, +1.318330, +1.266736, +1.068280, +0.966208, +1.073466, +0.344945, +0.665534, +0.311957, +0.379166, +0.344999, +0.098834, +0.012840, +0.160988, +0.231934, +0.379808, +0.184861]
frame=262 t=13.100s reward=+0.627383 done=0 target=[+0.183334, -0.085228, +0.086305, -0.235620, +1.727910, +1.318925, +1.272484, +1.080458, +0.962288, +1.031799, +0.386611, +0.648935, +0.295314, +0.396433, +0.373194, +0.120438, +0.000000, +0.144985, +0.227152, +0.382417, +0.194612]
frame=263 t=13.150s reward=+1.102595 done=0 target=[+0.175217, -0.059563, +0.071635, -0.235620, +1.727910, +1.277259, +1.291817, +1.116774, +0.972629, +0.990133, +0.400091, +0.644825, +0.294545, +0.386295, +0.414427, +0.118173, +0.000205, +0.137216, +0.228008, +0.375038, +0.198541]
frame=264 t=13.200s reward=-0.708998 done=0 target=[+0.197041, -0.031576, +0.092527, -0.235620, +1.727910, +1.265718, +1.292302, +1.128400, +0.980512, +0.948466, +0.441758, +0.617086, +0.292576, +0.370138, +0.442782, +0.115187, +0.000000, +0.140302, +0.224219, +0.383078, +0.202074]
frame=265 t=13.250s reward=+1.029549 done=0 target=[+0.200093, +0.009703, +0.103973, -0.231755, +1.727910, +1.224052, +1.324372, +1.146387, +0.993921, +0.906799, +0.462463, +0.583908, +0.318436, +0.348072, +0.455586, +0.110021, +0.000000, +0.126664, +0.223865, +0.366454, +0.189490]
frame=266 t=13.300s reward=+1.061896 done=0 target=[+0.235620, -0.002923, +0.145639, -0.190088, +1.727910, +1.265718, +1.303982, +1.112029, +1.001303, +0.865133, +0.504130, +0.542241, +0.318878, +0.311061, +0.452677, +0.126369, +0.000000, +0.135931, +0.205636, +0.401313, +0.209966]
frame=267 t=13.350s reward=+0.946121 done=0 target=[+0.235620, -0.044589, +0.187306, -0.148421, +1.727910, +1.276815, +1.289062, +1.150756, +1.024867, +0.823466, +0.517789, +0.524083, +0.353416, +0.295598, +0.458309, +0.124274, +0.000000, +0.151797, +0.220568, +0.425456, +0.208612]
frame=268 t=13.400s reward=+0.930664 done=0 target=[+0.235620, -0.086256, +0.228973, -0.109456, +1.727910, +1.318482, +1.247396, +1.160582, +1.058050, +0.790776, +0.509324, +0.538876, +0.358983, +0.253931, +0.458127, +0.119271, +0.012023, +0.187097, +0.202028, +0.423335, +0.181189]
frame=269 t=13.450s reward=+1.037245 done=0 target=[+0.235620, -0.127923, +0.235620, -0.077352, +1.727910, +1.335150, +1.205729, +1.202248, +1.060664, +0.761931, +0.488809, +0.573646, +0.365461, +0.217648, +0.474479, +0.128429, +0.044680, +0.201210, +0.204039, +0.430419, +0.159844]
frame=270 t=13.500s reward=+0.279043 done=0 target=[+0.235620, -0.150605, +0.235620, -0.088581, +1.727910, +1.335150, +1.164062, +1.220814, +1.040407, +0.743236, +0.459601, +0.578521, +0.361162, +0.215703, +0.478382, +0.118037, +0.082043, +0.181388, +0.178078, +0.395330, +0.126964]
frame=271 t=13.550s reward=+0.784631 done=0 target=[+0.225471, -0.167586, +0.193953, -0.129491, +1.727910, +1.335150, +1.131759, +1.235582, +1.016657, +0.753439, +0.427929, +0.540812, +0.354968, +0.250429, +0.462812, +0.111777, +0.115441, +0.139721, +0.147392, +0.380146, +0.135077]
frame=272 t=13.600s reward=+0.939979 done=0 target=[+0.224220, -0.177948, +0.152287, -0.171157, +1.727910, +1.335150, +1.099135, +1.229319, +0.974991, +0.794377, +0.427567, +0.504109, +0.378230, +0.251623, +0.456271, +0.105018, +0.101690, +0.103229, +0.118100, +0.364715, +0.175414]
frame=273 t=13.650s reward=+1.021977 done=0 target=[+0.223588, -0.185504, +0.110620, -0.212824, +1.727910, +1.335150, +1.058972, +1.205255, +0.933324, +0.836044, +0.437616, +0.487403, +0.410554, +0.237041, +0.455708, +0.085970, +0.086616, +0.086328, +0.098247, +0.369404, +0.217081]
frame=274 t=13.700s reward=+0.872719 done=0 target=[+0.214310, -0.179659, +0.068953, -0.235620, +1.727910, +1.335150, +1.021153, +1.163588, +0.901799, +0.877711, +0.448843, +0.485631, +0.435317, +0.234796, +0.440589, +0.048664, +0.074733, +0.100324, +0.073367, +0.396871, +0.237123]
frame=275 t=13.750s reward=+0.990665 done=0 target=[+0.205395, -0.167060, +0.027287, -0.235620, +1.727910, +1.335150, +0.979486, +1.121921, +0.885294, +0.919377, +0.421985, +0.504128, +0.450549, +0.237865, +0.398922, +0.006998, +0.089975, +0.117175, +0.046035, +0.422979, +0.225763]
frame=276 t=13.800s reward=+0.785942 done=0 target=[+0.178159, -0.159683, -0.014380, -0.235620, +1.727910, +1.335150, +0.994856, +1.080255, +0.883746, +0.961044, +0.380318, +0.533437, +0.431031, +0.249621, +0.357255, +0.000000, +0.131642, +0.144649, +0.064433, +0.464646, +0.222286]
frame=277 t=13.850s reward=+1.072130 done=0 target=[+0.159738, -0.122692, -0.027688, -0.214980, +1.727910, +1.319380, +1.036523, +1.038588, +0.888752, +1.002475, +0.338652, +0.564100, +0.406613, +0.286152, +0.315589, +0.000000, +0.165864, +0.156389, +0.106100, +0.500200, +0.228777]
frame=278 t=13.900s reward=+0.911272 done=0 target=[+0.157449, -0.128004, +0.013979, -0.185125, +1.727910, +1.315276, +1.078189, +1.014497, +0.869107, +1.033281, +0.296985, +0.605767, +0.385011, +0.307411, +0.307151, +0.000000, +0.155124, +0.172937, +0.147766, +0.467865, +0.213779]
frame=279 t=13.950s reward=+1.027434 done=0 target=[+0.162863, -0.133398, +0.055646, -0.190087, +1.727910, +1.330710, +1.119856, +0.986305, +0.879774, +1.074947, +0.287783, +0.635868, +0.359882, +0.341072, +0.302708, +0.000000, +0.116991, +0.178294, +0.189433, +0.461390, +0.219146]
frame=280 t=14.000s reward=+0.892082 done=0 target=[+0.166926, -0.150922, +0.097312, -0.211933, +1.727910, +1.334176, +1.161523, +1.006798, +0.897062, +1.097716, +0.324287, +0.667257, +0.346640, +0.345159, +0.337282, +0.041667, +0.079244, +0.164134, +0.203219, +0.431658, +0.183917]
frame=281 t=14.050s reward=+0.623590 done=0 target=[+0.164479, -0.137787, +0.138951, -0.233750, +1.727910, +1.335150, +1.203189, +1.028080, +0.930136, +1.101030, +0.343657, +0.670021, +0.327760, +0.364510, +0.350815, +0.057804, +0.045946, +0.168263, +0.204829, +0.408678, +0.164953]
frame=282 t=14.100s reward=+0.244861 done=0 target=[+0.158579, -0.111098, +0.128020, -0.235620, +1.727910, +1.323656, +1.244856, +1.049136, +0.943441, +1.061570, +0.350847, +0.665360, +0.306262, +0.351221, +0.373573, +0.062467, +0.041174, +0.143463, +0.186606, +0.386572, +0.158140]
frame=283 t=14.150s reward=+1.084128 done=0 target=[+0.143056, -0.082259, +0.086353, -0.235620, +1.727910, +1.287027, +1.286523, +1.080474, +0.957551, +1.026989, +0.353115, +0.648758, +0.312083, +0.379010, +0.387035, +0.070753, +0.030862, +0.136070, +0.208874, +0.367129, +0.169565]
frame=284 t=14.200s reward=+1.078234 done=0 target=[+0.153376, -0.057278, +0.057047, -0.235620, +1.727910, +1.280858, +1.280991, +1.122077, +0.961975, +0.985322, +0.385201, +0.624782, +0.318182, +0.382762, +0.415786, +0.077160, +0.014347, +0.128124, +0.202905, +0.351497, +0.185036]
frame=285 t=14.250s reward=-0.631908 done=0 target=[+0.178747, -0.041925, +0.075636, -0.235620, +1.727910, +1.287745, +1.271533, +1.099822, +0.952431, +0.943655, +0.426868, +0.592179, +0.330921, +0.360789, +0.450780, +0.097098, +0.000000, +0.124861, +0.180082, +0.365033, +0.195602]
frame=286 t=14.300s reward=+1.084196 done=0 target=[+0.185891, -0.007854, +0.082263, -0.235620, +1.727910, +1.246078, +1.307228, +1.103567, +0.988131, +0.901989, +0.454137, +0.560707, +0.356106, +0.340773, +0.471651, +0.101483, +0.031941, +0.120446, +0.190690, +0.377570, +0.179207]
frame=287 t=14.350s reward=+1.071292 done=0 target=[+0.227558, -0.005752, +0.123930, -0.208045, +1.727910, +1.233950, +1.314877, +1.099526, +0.969613, +0.860322, +0.495803, +0.531246, +0.368281, +0.301450, +0.486980, +0.107767, +0.010289, +0.124577, +0.174592, +0.401209, +0.185666]
frame=288 t=14.400s reward=+1.092270 done=0 target=[+0.235620, -0.047418, +0.165596, -0.166378, +1.727910, +1.275617, +1.297373, +1.122383, +1.011280, +0.818655, +0.512514, +0.500442, +0.382855, +0.282157, +0.467627, +0.111098, +0.000000, +0.154250, +0.171902, +0.411681, +0.172316]
frame=289 t=14.450s reward=+0.121209 done=0 target=[+0.235620, -0.089085, +0.207263, -0.124712, +1.727910, +1.317283, +1.255707, +1.125957, +1.052946, +0.782363, +0.481173, +0.513790, +0.387697, +0.251925, +0.459442, +0.089941, +0.018345, +0.180943, +0.155080, +0.426107, +0.171168]
frame=290 t=14.500s reward=+1.042515 done=0 target=[+0.235620, -0.130752, +0.235620, -0.120865, +1.727910, +1.335150, +1.214040, +1.144858, +1.056565, +0.756232, +0.449129, +0.532905, +0.398164, +0.245096, +0.477319, +0.102789, +0.060012, +0.166875, +0.159052, +0.408589, +0.177205]
frame=291 t=14.550s reward=+1.029647 done=0 target=[+0.223339, -0.165091, +0.235620, -0.127013, +1.727910, +1.335150, +1.172373, +1.180309, +1.047492, +0.746601, +0.420381, +0.531256, +0.390664, +0.247024, +0.468347, +0.114238, +0.101234, +0.151158, +0.147498, +0.395926, +0.168702]
frame=292 t=14.600s reward=-0.268964 done=0 target=[+0.229818, -0.165093, +0.219313, -0.134881, +1.727910, +1.335150, +1.130707, +1.197426, +1.008754, +0.749854, +0.397864, +0.517933, +0.387423, +0.240341, +0.472630, +0.106491, +0.106745, +0.118324, +0.130656, +0.369480, +0.165791]
frame=293 t=14.650s reward=+1.036689 done=0 target=[+0.219223, -0.179310, +0.177646, -0.176547, +1.727910, +1.335150, +1.093006, +1.203099, +0.967087, +0.791521, +0.390550, +0.495952, +0.404193, +0.248314, +0.454389, +0.093899, +0.090839, +0.076949, +0.098828, +0.361238, +0.202861]
frame=294 t=14.700s reward=+1.028252 done=0 target=[+0.225316, -0.168055, +0.135979, -0.216919, +1.727910, +1.335150, +1.052621, +1.183764, +0.925420, +0.833188, +0.412926, +0.490518, +0.428236, +0.239843, +0.452171, +0.077236, +0.065595, +0.063810, +0.079834, +0.354288, +0.236490]
frame=295 t=14.750s reward=+0.683027 done=0 target=[+0.217193, -0.158168, +0.094313, -0.235620, +1.727910, +1.335150, +1.010954, +1.147727, +0.910012, +0.874855, +0.412281, +0.510571, +0.450082, +0.234319, +0.437243, +0.037396, +0.075201, +0.072517, +0.058834, +0.375622, +0.245424]
frame=296 t=14.800s reward=+0.968049 done=0 target=[+0.207673, -0.156913, +0.052646, -0.235620, +1.727910, +1.335150, +0.976224, +1.106060, +0.892742, +0.916521, +0.407026, +0.531424, +0.454314, +0.236290, +0.395577, +0.000000, +0.093812, +0.097454, +0.035974, +0.417289, +0.235465]
frame=297 t=14.850s reward=+1.028515 done=0 target=[+0.192809, -0.165771, +0.010979, -0.235620, +1.727910, +1.335150, +0.982832, +1.064394, +0.900049, +0.958188, +0.365359, +0.552853, +0.440988, +0.238015, +0.357094, +0.000000, +0.135479, +0.122756, +0.057438, +0.458955, +0.240235]
frame=298 t=14.900s reward=+1.056740 done=0 target=[+0.172034, -0.157419, -0.003809, -0.221578, +1.727910, +1.335150, +1.024499, +1.022727, +0.888363, +0.999231, +0.323693, +0.574571, +0.426979, +0.277182, +0.332339, +0.000000, +0.159247, +0.149755, +0.099104, +0.497847, +0.247830]
frame=299 t=14.950s reward=+0.926628 done=0 target=[+0.160266, -0.145661, +0.029592, -0.195461, +1.727910, +1.329575, +1.066166, +1.008278, +0.886699, +1.038865, +0.282026, +0.608626, +0.412663, +0.312813, +0.309525, +0.000000, +0.134229, +0.163541, +0.140771, +0.472849, +0.231460]
frame=300 t=15.000s reward=+0.975987 done=0 target=[+0.176720, -0.156473, +0.071258, -0.185342, +1.727910, +1.335150, +1.107832, +1.018206, +0.878458, +1.072682, +0.289015, +0.650293, +0.389310, +0.332296, +0.322103, +0.016154, +0.096636, +0.163930, +0.182438, +0.450883, +0.233895]
frame=301 t=15.050s reward=+0.729097 done=0 target=[+0.162743, -0.159183, +0.112925, -0.204059, +1.727910, +1.335150, +1.149499, +1.042112, +0.920125, +1.108580, +0.298970, +0.672295, +0.371148, +0.360791, +0.323661, +0.049889, +0.083734, +0.166557, +0.205966, +0.412487, +0.201544]
frame=302 t=15.100s reward=+0.753645 done=0 target=[+0.172401, -0.143179, +0.138382, -0.235620, +1.727910, +1.335150, +1.191166, +1.038487, +0.947210, +1.104785, +0.314446, +0.671618, +0.342535, +0.356542, +0.343734, +0.054221, +0.056318, +0.155621, +0.202048, +0.398240, +0.182217]
frame=303 t=15.150s reward=+1.042709 done=0 target=[+0.174982, -0.116866, +0.120672, -0.235620, +1.727910, +1.324372, +1.232832, +1.064097, +0.973332, +1.081706, +0.334591, +0.666911, +0.337250, +0.379262, +0.360804, +0.071260, +0.025706, +0.143373, +0.216616, +0.388233, +0.175556]
frame=304 t=15.200s reward=+1.049253 done=0 target=[+0.173489, -0.094604, +0.086728, -0.235620, +1.727910, +1.299716, +1.274499, +1.096127, +0.969377, +1.040040, +0.357799, +0.658690, +0.323336, +0.370933, +0.377549, +0.084851, +0.004429, +0.138999, +0.197877, +0.371117, +0.172122]
frame=305 t=15.250s reward=+1.116571 done=0 target=[+0.190870, -0.070995, +0.070904, -0.235620, +1.727910, +1.301116, +1.280551, +1.109246, +0.964695, +0.998373, +0.390230, +0.635976, +0.324955, +0.372865, +0.410634, +0.095306, +0.000000, +0.139473, +0.194964, +0.361785, +0.190822]
frame=306 t=15.300s reward=+1.095342 done=0 target=[+0.183150, -0.050960, +0.083736, -0.235620, +1.727910, +1.296321, +1.277952, +1.104667, +0.976830, +0.956706, +0.424077, +0.600464, +0.326450, +0.372677, +0.433073, +0.092886, +0.008940, +0.152846, +0.188894, +0.370221, +0.205765]
frame=307 t=15.350s reward=+1.022707 done=0 target=[+0.197058, -0.014130, +0.119148, -0.235620, +1.727910, +1.265255, +1.288851, +1.106192, +0.976653, +0.915040, +0.465744, +0.569843, +0.343832, +0.342807, +0.451756, +0.082412, +0.021708, +0.136261, +0.190845, +0.375087, +0.198871]
frame=308 t=15.400s reward=+0.947019 done=0 target=[+0.234804, -0.003723, +0.160815, -0.219036, +1.727910, +1.269021, +1.287915, +1.104289, +0.973504, +0.873373, +0.507410, +0.545139, +0.345929, +0.304519, +0.461756, +0.063167, +0.008894, +0.135861, +0.167218, +0.388364, +0.197249]
frame=309 t=15.450s reward=-0.004091 done=0 target=[+0.235620, -0.045390, +0.202481, -0.177370, +1.727910, +1.294957, +1.279132, +1.113792, +0.983754, +0.831706, +0.516184, +0.528637, +0.366938, +0.270863, +0.460090, +0.055078, +0.000000, +0.147553, +0.159944, +0.411782, +0.199168]
frame=310 t=15.500s reward=+1.068643 done=0 target=[+0.235620, -0.087057, +0.235620, -0.146125, +1.727910, +1.330417, +1.257814, +1.155458, +1.024749, +0.790675, +0.477625, +0.548159, +0.404307, +0.258864, +0.456720, +0.058379, +0.020435, +0.152340, +0.155707, +0.420704, +0.193396]
frame=311 t=15.550s reward=+0.919538 done=0 target=[+0.235620, -0.128723, +0.235620, -0.106101, +1.727910, +1.335150, +1.216147, +1.178704, +1.040072, +0.756424, +0.451493, +0.582626, +0.399868, +0.227421, +0.462755, +0.077347, +0.039094, +0.168313, +0.155380, +0.415865, +0.186901]
frame=312 t=15.600s reward=+0.512697 done=0 target=[+0.226929, -0.166266, +0.235620, -0.105598, +1.727910, +1.335150, +1.174481, +1.214972, +1.031743, +0.738638, +0.421845, +0.586431, +0.402309, +0.224409, +0.459227, +0.104282, +0.080761, +0.152530, +0.159290, +0.407646, +0.178952]
frame=313 t=15.650s reward=+0.386261 done=0 target=[+0.211804, -0.175255, +0.194130, -0.147265, +1.727910, +1.335150, +1.132814, +1.218816, +0.999268, +0.760842, +0.400130, +0.544765, +0.402628, +0.241243, +0.446620, +0.107844, +0.107582, +0.122451, +0.147650, +0.374343, +0.181318]
frame=314 t=15.700s reward=+1.029137 done=0 target=[+0.205827, -0.183509, +0.152464, -0.188932, +1.727910, +1.335150, +1.091147, +1.207930, +0.964894, +0.802509, +0.382091, +0.520149, +0.421162, +0.246819, +0.434632, +0.089465, +0.103916, +0.084968, +0.122901, +0.370614, +0.220639]
frame=315 t=15.750s reward=+0.222579 done=0 target=[+0.217202, -0.180032, +0.110797, -0.224457, +1.727910, +1.335150, +1.049481, +1.177944, +0.923227, +0.844176, +0.396083, +0.509522, +0.458263, +0.238736, +0.429132, +0.069324, +0.080779, +0.081926, +0.091099, +0.358435, +0.248126]
frame=316 t=15.800s reward=+0.894928 done=0 target=[+0.206781, -0.184887, +0.069130, -0.235620, +1.727910, +1.335150, +1.007814, +1.141949, +0.894148, +0.885843, +0.404302, +0.507809, +0.476823, +0.232291, +0.403319, +0.035740, +0.079017, +0.096206, +0.065820, +0.398178, +0.276033]
frame=317 t=15.850s reward=+0.971278 done=0 target=[+0.193634, -0.183616, +0.027464, -0.235620, +1.727910, +1.335150, +0.982476, +1.100282, +0.887396, +0.927509, +0.378734, +0.525690, +0.478084, +0.241632, +0.361653, +0.000000, +0.113420, +0.125958, +0.058041, +0.439845, +0.258758]
frame=318 t=15.900s reward=+1.001980 done=0 target=[+0.165296, -0.148966, -0.007105, -0.230560, +1.727910, +1.335150, +1.016447, +1.058616, +0.904202, +0.969176, +0.337067, +0.551279, +0.454294, +0.276840, +0.319986, +0.000000, +0.155087, +0.153829, +0.098756, +0.481512, +0.271903]
frame=319 t=15.950s reward=+0.928361 done=0 target=[+0.147748, -0.155636, +0.008338, -0.213664, +1.727910, +1.302972, +1.058114, +1.038158, +0.878956, +1.010843, +0.295400, +0.592945, +0.431952, +0.287935, +0.304146, +0.000000, +0.181678, +0.154199, +0.140422, +0.482477, +0.257455]
frame=320 t=16.000s reward=+0.792297 done=0 target=[+0.153704, -0.172763, +0.050004, -0.192647, +1.727910, +1.312300, +1.099781, +1.038893, +0.881748, +1.052509, +0.274584, +0.634612, +0.399144, +0.326037, +0.296669, +0.000000, +0.140011, +0.165092, +0.182089, +0.451805, +0.238053]
frame=321 t=16.050s reward=+0.901626 done=0 target=[+0.161174, -0.184919, +0.091671, -0.188780, +1.727910, +1.332828, +1.141447, +1.057968, +0.890870, +1.089068, +0.277833, +0.676279, +0.378371, +0.329513, +0.312388, +0.013505, +0.112039, +0.188852, +0.211856, +0.422399, +0.234022]
frame=322 t=16.100s reward=+0.987243 done=0 target=[+0.164109, -0.191061, +0.133338, -0.208509, +1.727910, +1.334373, +1.183114, +1.067772, +0.929803, +1.114275, +0.292025, +0.699014, +0.362700, +0.344604, +0.317602, +0.034695, +0.085817, +0.185100, +0.219612, +0.413677, +0.214084]
frame=323 t=16.150s reward=+1.050900 done=0 target=[+0.173538, -0.166976, +0.155824, -0.235620, +1.727910, +1.335150, +1.224781, +1.058371, +0.957663, +1.111825, +0.314807, +0.686152, +0.351299, +0.369763, +0.322716, +0.055466, +0.044150, +0.175626, +0.211452, +0.395097, +0.193285]
frame=324 t=16.200s reward=+1.056386 done=0 target=[+0.163603, -0.135641, +0.124981, -0.235620, +1.727910, +1.335150, +1.266447, +1.066187, +0.960700, +1.080466, +0.337046, +0.661425, +0.344982, +0.381932, +0.342266, +0.074113, +0.032502, +0.154577, +0.214490, +0.398742, +0.183724]
frame=325 t=16.250s reward=+1.039456 done=0 target=[+0.162107, -0.104852, +0.083314, -0.235620, +1.727910, +1.318640, +1.290412, +1.093797, +0.966687, +1.038799, +0.362435, +0.644047, +0.339919, +0.396966, +0.360889, +0.094536, +0.019990, +0.149187, +0.214978, +0.380739, +0.173618]
frame=326 t=16.300s reward=+1.089775 done=0 target=[+0.173227, -0.079992, +0.066525, -0.235620, +1.727910, +1.310973, +1.278069, +1.121736, +0.959941, +0.997133, +0.404102, +0.630794, +0.333985, +0.390885, +0.399843, +0.109438, +0.004199, +0.129222, +0.200649, +0.377632, +0.191984]
frame=327 t=16.350s reward=+1.075374 done=0 target=[+0.181159, -0.044049, +0.060603, -0.235620, +1.727910, +1.274020, +1.278086, +1.157017, +0.964447, +0.955466, +0.440769, +0.613591, +0.333442, +0.366581, +0.441433, +0.097965, +0.005245, +0.109684, +0.191104, +0.382050, +0.197932]
frame=328 t=16.400s reward=-1.433323 done=0 target=[+0.220790, -0.007459, +0.102270, -0.235620, +1.727910, +1.276280, +1.271816, +1.131393, +0.983446, +0.913799, +0.482436, +0.571924, +0.333114, +0.336371, +0.461918, +0.093188, +0.000000, +0.118815, +0.177124, +0.398377, +0.200594]
frame=329 t=16.450s reward=+0.985477 done=0 target=[+0.216668, +0.007181, +0.115431, -0.214067, +1.727910, +1.234613, +1.313483, +1.132290, +0.968606, +0.872133, +0.477876, +0.536143, +0.372553, +0.298224, +0.487526, +0.072146, +0.034944, +0.102176, +0.182005, +0.406348, +0.186042]
frame=330 t=16.500s reward=+0.874767 done=0 target=[+0.235620, -0.034486, +0.157098, -0.172400, +1.727910, +1.270756, +1.317775, +1.138902, +0.990986, +0.830466, +0.510118, +0.516398, +0.390091, +0.281455, +0.482101, +0.084119, +0.000000, +0.116244, +0.169342, +0.405462, +0.168316]
frame=331 t=16.550s reward=+0.702492 done=0 target=[+0.235620, -0.076153, +0.198764, -0.130734, +1.727910, +1.295674, +1.293751, +1.175999, +1.032652, +0.794121, +0.477598, +0.533703, +0.425870, +0.258144, +0.479935, +0.097044, +0.000000, +0.138515, +0.164357, +0.420658, +0.160533]
frame=332 t=16.600s reward=+0.905370 done=0 target=[+0.235620, -0.117819, +0.235620, -0.089067, +1.727910, +1.335150, +1.252084, +1.214996, +1.069692, +0.760785, +0.447164, +0.564845, +0.441724, +0.234220, +0.483673, +0.099852, +0.008133, +0.169834, +0.162652, +0.423224, +0.149490]
frame=333 t=16.650s reward=+1.007334 done=0 target=[+0.235620, -0.159486, +0.235620, -0.059100, +1.727910, +1.335150, +1.210418, +1.221632, +1.075467, +0.733305, +0.416138, +0.575101, +0.428945, +0.227975, +0.489994, +0.117028, +0.049799, +0.169740, +0.160270, +0.399883, +0.137933]
frame=334 t=16.700s reward=+0.503322 done=0 target=[+0.221402, -0.172037, +0.205119, -0.100767, +1.727910, +1.335150, +1.168751, +1.230257, +1.044288, +0.736791, +0.389121, +0.537902, +0.410900, +0.250396, +0.481714, +0.123976, +0.091466, +0.133207, +0.142345, +0.373372, +0.139670]
frame=335 t=16.750s reward=+1.004580 done=0 target=[+0.212382, -0.177908, +0.163453, -0.142433, +1.727910, +1.335150, +1.131029, +1.227371, +1.002621, +0.773189, +0.381296, +0.496236, +0.419760, +0.269258, +0.464458, +0.119888, +0.088751, +0.098249, +0.120364, +0.355097, +0.173010]
frame=336 t=16.800s reward=+1.006020 done=0 target=[+0.210194, -0.179740, +0.121786, -0.184100, +1.727910, +1.335150, +1.089362, +1.215086, +0.960955, +0.814856, +0.389996, +0.483987, +0.444064, +0.245324, +0.453897, +0.100153, +0.063852, +0.077095, +0.094921, +0.346990, +0.214676]
frame=337 t=16.850s reward=+0.911822 done=0 target=[+0.209284, -0.179648, +0.080119, -0.225767, +1.727910, +1.335150, +1.047695, +1.173419, +0.924891, +0.856522, +0.405872, +0.489326, +0.459484, +0.225849, +0.438806, +0.065332, +0.056937, +0.070112, +0.072603, +0.368646, +0.248691]
frame=338 t=16.900s reward=+0.978522 done=0 target=[+0.203858, -0.173296, +0.038453, -0.235620, +1.727910, +1.335150, +1.006029, +1.131753, +0.899640, +0.898189, +0.414645, +0.499209, +0.477746, +0.228951, +0.414493, +0.024231, +0.064713, +0.093684, +0.055976, +0.406242, +0.246543]
frame=339 t=16.950s reward=+0.639845 done=0 target=[+0.189633, -0.175746, -0.003214, -0.235620, +1.727910, +1.335150, +0.992382, +1.090086, +0.909645, +0.939856, +0.372979, +0.517432, +0.477498, +0.245625, +0.372826, +0.000000, +0.106379, +0.127670, +0.052958, +0.447908, +0.230284]
frame=340 t=17.000s reward=+1.084787 done=0 target=[+0.166886, -0.144347, -0.035414, -0.235620, +1.727910, +1.335150, +1.034048, +1.048419, +0.913704, +0.981522, +0.331312, +0.542495, +0.452696, +0.275392, +0.331160, +0.000000, +0.148046, +0.149830, +0.086015, +0.489575, +0.241078]
frame=341 t=17.050s reward=+1.071480 done=0 target=[+0.178677, -0.134241, -0.012613, -0.210405, +1.727910, +1.324395, +1.075715, +1.008871, +0.872038, +1.022976, +0.293568, +0.584162, +0.432557, +0.302957, +0.310919, +0.000000, +0.131792, +0.150770, +0.127682, +0.465570, +0.231928]
frame=342 t=17.100s reward=+1.005356 done=0 target=[+0.165907, -0.142196, +0.029054, -0.190124, +1.727910, +1.325142, +1.117382, +1.036230, +0.877141, +1.064643, +0.279531, +0.625828, +0.413374, +0.322733, +0.311914, +0.011203, +0.108462, +0.165824, +0.164828, +0.423904, +0.210156]
frame=343 t=17.150s reward=+1.063297 done=0 target=[+0.168137, -0.160514, +0.070721, -0.206521, +1.727910, +1.327756, +1.159048, +1.051607, +0.914842, +1.097471, +0.297412, +0.656635, +0.384580, +0.345491, +0.332755, +0.039699, +0.071126, +0.153024, +0.190016, +0.404284, +0.182392]
frame=344 t=17.200s reward=+0.987583 done=0 target=[+0.176521, -0.137246, +0.112387, -0.229073, +1.727910, +1.335150, +1.200715, +1.043305, +0.956509, +1.112657, +0.311301, +0.657252, +0.354532, +0.372092, +0.328489, +0.051691, +0.030129, +0.164625, +0.204382, +0.398273, +0.179516]
frame=345 t=17.250s reward=+0.334954 done=0 target=[+0.165228, -0.112487, +0.108663, -0.235620, +1.727910, +1.315103, +1.242382, +1.058448, +0.955161, +1.097978, +0.310849, +0.655242, +0.351695, +0.376718, +0.340915, +0.066902, +0.026637, +0.158997, +0.206267, +0.368502, +0.165590]
frame=346 t=17.300s reward=+1.065235 done=0 target=[+0.172776, -0.081633, +0.069072, -0.235620, +1.727910, +1.306008, +1.284048, +1.077781, +0.958571, +1.061322, +0.341647, +0.641949, +0.337402, +0.393696, +0.368139, +0.096044, +0.020109, +0.148415, +0.206450, +0.356747, +0.169073]
frame=347 t=17.350s reward=+1.016174 done=0 target=[+0.179311, -0.056288, +0.051011, -0.235620, +1.727910, +1.305539, +1.285435, +1.100882, +0.970857, +1.019655, +0.383313, +0.612675, +0.322962, +0.389134, +0.401018, +0.117296, +0.006686, +0.127925, +0.195433, +0.375115, +0.179610]
frame=348 t=17.400s reward=+1.005316 done=0 target=[+0.193194, -0.029571, +0.047628, -0.235620, +1.727910, +1.279141, +1.295412, +1.098566, +0.978912, +0.977988, +0.424980, +0.583118, +0.320077, +0.380143, +0.435054, +0.121152, +0.000000, +0.122130, +0.185478, +0.382211, +0.183569]
frame=349 t=17.450s reward=+0.532063 done=0 target=[+0.197423, +0.009676, +0.073501, -0.235620, +1.727910, +1.252303, +1.301473, +1.106929, +0.993374, +0.936322, +0.466647, +0.548093, +0.322997, +0.358670, +0.456516, +0.113017, +0.001514, +0.126682, +0.189243, +0.385706, +0.195887]
frame=350 t=17.500s reward=+0.458087 done=0 target=[+0.216014, +0.035595, +0.115168, -0.221064, +1.727910, +1.217923, +1.322086, +1.117767, +0.995001, +0.894655, +0.508313, +0.511231, +0.338931, +0.330318, +0.468584, +0.102128, +0.000000, +0.124937, +0.194910, +0.390311, +0.198762]
frame=351 t=17.550s reward=+0.926050 done=0 target=[+0.235620, +0.003545, +0.156835, -0.179397, +1.727910, +1.231249, +1.335150, +1.123552, +1.003191, +0.852988, +0.537554, +0.474246, +0.360423, +0.301590, +0.465512, +0.113422, +0.000000, +0.133687, +0.207397, +0.414021, +0.195529]
frame=352 t=17.600s reward=+0.868967 done=0 target=[+0.235620, -0.038122, +0.198501, -0.137731, +1.727910, +1.272916, +1.315926, +1.126212, +1.044858, +0.811322, +0.515029, +0.470045, +0.377579, +0.275541, +0.466018, +0.097099, +0.000000, +0.157435, +0.194959, +0.433716, +0.188729]
frame=353 t=17.650s reward=+0.954452 done=0 target=[+0.235620, -0.079789, +0.235620, -0.096064, +1.727910, +1.314582, +1.274260, +1.167879, +1.086525, +0.775650, +0.487855, +0.511712, +0.403314, +0.239700, +0.467846, +0.106935, +0.001748, +0.199102, +0.194964, +0.435064, +0.172157]
frame=354 t=17.700s reward=+0.939626 done=0 target=[+0.235620, -0.121455, +0.235620, -0.077189, +1.727910, +1.335150, +1.232593, +1.193267, +1.108042, +0.740507, +0.459875, +0.551358, +0.395683, +0.224950, +0.475451, +0.127536, +0.043415, +0.205078, +0.195877, +0.415786, +0.144130]
frame=355 t=17.750s reward=+0.523169 done=0 target=[+0.233034, -0.146473, +0.232944, -0.092100, +1.727910, +1.335150, +1.190926, +1.212913, +1.082773, +0.728558, +0.423101, +0.541388, +0.373222, +0.238879, +0.476861, +0.122534, +0.085081, +0.175641, +0.175117, +0.402031, +0.142087]
frame=356 t=17.800s reward=+0.898801 done=0 target=[+0.220054, -0.166510, +0.191278, -0.131112, +1.727910, +1.335150, +1.149260, +1.239335, +1.052139, +0.744327, +0.389297, +0.507395, +0.377825, +0.258280, +0.467157, +0.122778, +0.114085, +0.133974, +0.151841, +0.377372, +0.153464]
frame=357 t=17.850s reward=+0.952395 done=0 target=[+0.212162, -0.178198, +0.149611, -0.172779, +1.727910, +1.335150, +1.107593, +1.237329, +1.010472, +0.785993, +0.375298, +0.494137, +0.412030, +0.243116, +0.457708, +0.108046, +0.098639, +0.095736, +0.116202, +0.346992, +0.191204]
frame=358 t=17.900s reward=+0.771379 done=0 target=[+0.216768, -0.173178, +0.107944, -0.214446, +1.727910, +1.335150, +1.065926, +1.217150, +0.968806, +0.827660, +0.389661, +0.497464, +0.447759, +0.230156, +0.449370, +0.085158, +0.061896, +0.073047, +0.081692, +0.330067, +0.232870]
frame=359 t=17.950s reward=+0.660358 done=0 target=[+0.224933, -0.179108, +0.066278, -0.235620, +1.727910, +1.335150, +1.024260, +1.192425, +0.927139, +0.869327, +0.424485, +0.510625, +0.451681, +0.219362, +0.437692, +0.056186, +0.038762, +0.075528, +0.059691, +0.358964, +0.271048]
frame=360 t=18.000s reward=+0.383900 done=0 target=[+0.204800, -0.187614, +0.024611, -0.235620, +1.727910, +1.335150, +0.982593, +1.150759, +0.905306, +0.910993, +0.411682, +0.524230, +0.462651, +0.226685, +0.397525, +0.014519, +0.063669, +0.107037, +0.054947, +0.400631, +0.252600]
frame=361 t=18.050s reward=+0.814555 done=0 target=[+0.184153, -0.187720, -0.017056, -0.235620, +1.727910, +1.335150, +0.994256, +1.109092, +0.904336, +0.952660, +0.370015, +0.540302, +0.452985, +0.245713, +0.355859, +0.000000, +0.105336, +0.138816, +0.068884, +0.442297, +0.245888]
frame=362 t=18.100s reward=+1.054431 done=0 target=[+0.156325, -0.146053, -0.042344, -0.220770, +1.727910, +1.335150, +1.035923, +1.067425, +0.900845, +0.994327, +0.328348, +0.565652, +0.434015, +0.287379, +0.314192, +0.000000, +0.147002, +0.166910, +0.110551, +0.483964, +0.258102]
frame=363 t=18.150s reward=+1.000205 done=0 target=[+0.178303, -0.141924, -0.011115, -0.200668, +1.727910, +1.329056, +1.077589, +1.025759, +0.867809, +1.035993, +0.286682, +0.601269, +0.413159, +0.312892, +0.300247, +0.000000, +0.132571, +0.168954, +0.152217, +0.476636, +0.250505]
frame=364 t=18.200s reward=+0.944521 done=0 target=[+0.180096, -0.155771, +0.030551, -0.183814, +1.727910, +1.335150, +1.119256, +1.018695, +0.878936, +1.077660, +0.294134, +0.638187, +0.396691, +0.338828, +0.308178, +0.024667, +0.091431, +0.201204, +0.192152, +0.456807, +0.235823]
frame=365 t=18.250s reward=+0.770740 done=0 target=[+0.186522, -0.151000, +0.072218, -0.207253, +1.727910, +1.335150, +1.160923, +1.018223, +0.920603, +1.118367, +0.313064, +0.653730, +0.373626, +0.353341, +0.307195, +0.063228, +0.067949, +0.196316, +0.219813, +0.432435, +0.216697]
frame=366 t=18.300s reward=+0.958011 done=0 target=[+0.169384, -0.119382, +0.113885, -0.225787, +1.727910, +1.335150, +1.202589, +1.015393, +0.962269, +1.123336, +0.324240, +0.647678, +0.343360, +0.381141, +0.304128, +0.080321, +0.057647, +0.195027, +0.230429, +0.429372, +0.197163]
frame=367 t=18.350s reward=-0.370827 done=0 target=[+0.177267, -0.080894, +0.121843, -0.235620, +1.727910, +1.335150, +1.244256, +1.003939, +0.964068, +1.095143, +0.338756, +0.629377, +0.321223, +0.387428, +0.309586, +0.092850, +0.040402, +0.185834, +0.239360, +0.422390, +0.184402]
frame=368 t=18.400s reward=+0.963893 done=0 target=[+0.166469, -0.039773, +0.081332, -0.235620, +1.727910, +1.313102, +1.285922, +1.034260, +0.971455, +1.053476, +0.352997, +0.622697, +0.301443, +0.408036, +0.333432, +0.110662, +0.039920, +0.164359, +0.248729, +0.402132, +0.193707]
frame=369 t=18.450s reward=+0.995414 done=0 target=[+0.178082, -0.023906, +0.071473, -0.235620, +1.727910, +1.301254, +1.281865, +1.060669, +0.962501, +1.011810, +0.394663, +0.615163, +0.275565, +0.395506, +0.375099, +0.131489, +0.000000, +0.148564, +0.236377, +0.401868, +0.217568]
frame=370 t=18.500s reward=+0.698963 done=0 target=[+0.179019, -0.005870, +0.078159, -0.235620, +1.727910, +1.265360, +1.280745, +1.096975, +0.974045, +0.970143, +0.436330, +0.603087, +0.273471, +0.367011, +0.409150, +0.138193, +0.000000, +0.131060, +0.236561, +0.394742, +0.224346]
frame=371 t=18.550s reward=-0.411130 done=0 target=[+0.196705, +0.018907, +0.111839, -0.235620, +1.727910, +1.242968, +1.292991, +1.097108, +0.990135, +0.928476, +0.477997, +0.569477, +0.273615, +0.351654, +0.432778, +0.136036, +0.000000, +0.143441, +0.244755, +0.406917, +0.236797]
frame=372 t=18.600s reward=+0.746257 done=0 target=[+0.225484, +0.030681, +0.153506, -0.206624, +1.727910, +1.218820, +1.324587, +1.105649, +0.991002, +0.886810, +0.510902, +0.535383, +0.288902, +0.323870, +0.443408, +0.122831, +0.000000, +0.148727, +0.228761, +0.389477, +0.238198]
frame=373 t=18.650s reward=+0.977865 done=0 target=[+0.235620, -0.010985, +0.195173, -0.164957, +1.727910, +1.251948, +1.312938, +1.131904, +1.014406, +0.845143, +0.528843, +0.519597, +0.316207, +0.299382, +0.441955, +0.112616, +0.000000, +0.166771, +0.236374, +0.405451, +0.231783]
frame=374 t=18.700s reward=+0.970793 done=0 target=[+0.235620, -0.052652, +0.235620, -0.123291, +1.727910, +1.293614, +1.271271, +1.158410, +1.056073, +0.809734, +0.514413, +0.541571, +0.345819, +0.257715, +0.447166, +0.115588, +0.000000, +0.193110, +0.242366, +0.427355, +0.213451]
frame=375 t=18.750s reward=+0.908842 done=0 target=[+0.235620, -0.094319, +0.235620, -0.096037, +1.727910, +1.335150, +1.229605, +1.180014, +1.084298, +0.774747, +0.497366, +0.571830, +0.353333, +0.226384, +0.451119, +0.129356, +0.032032, +0.206666, +0.220119, +0.417216, +0.192207]
frame=376 t=18.800s reward=+0.372586 done=0 target=[+0.231031, -0.135985, +0.235620, -0.093871, +1.727910, +1.335150, +1.187938, +1.221681, +1.056003, +0.751747, +0.481793, +0.583400, +0.349943, +0.214082, +0.444394, +0.134015, +0.073698, +0.205958, +0.198153, +0.425456, +0.179353]
frame=377 t=18.850s reward=+0.935947 done=0 target=[+0.212565, -0.174814, +0.193953, -0.135538, +1.727910, +1.335150, +1.146271, +1.238137, +1.045432, +0.762295, +0.444775, +0.541734, +0.337726, +0.250042, +0.430423, +0.120109, +0.115365, +0.164291, +0.169705, +0.412008, +0.172794]
frame=378 t=18.900s reward=+0.977105 done=0 target=[+0.217258, -0.186427, +0.152287, -0.170416, +1.727910, +1.335150, +1.104605, +1.232676, +1.003765, +0.803048, +0.435926, +0.514357, +0.365791, +0.231435, +0.422479, +0.110165, +0.112557, +0.129121, +0.129276, +0.385374, +0.207097]
frame=379 t=18.950s reward=+0.768798 done=0 target=[+0.233108, -0.189861, +0.110620, -0.212083, +1.727910, +1.335150, +1.062938, +1.214282, +0.962098, +0.844714, +0.443539, +0.499809, +0.407457, +0.220303, +0.434086, +0.094758, +0.084795, +0.110044, +0.105273, +0.371015, +0.247059]
frame=380 t=19.000s reward=+0.901560 done=0 target=[+0.234328, -0.192087, +0.068953, -0.235620, +1.727910, +1.335150, +1.021271, +1.177209, +0.920432, +0.886381, +0.454076, +0.497502, +0.444872, +0.220032, +0.417080, +0.072482, +0.053351, +0.101626, +0.065617, +0.380607, +0.271301]
frame=381 t=19.050s reward=+0.794463 done=0 target=[+0.226103, -0.186697, +0.027287, -0.235620, +1.727910, +1.335150, +0.991956, +1.135542, +0.884885, +0.927916, +0.451808, +0.510890, +0.460412, +0.227129, +0.407577, +0.033636, +0.077470, +0.105801, +0.057371, +0.422274, +0.260074]
frame=382 t=19.100s reward=+0.981452 done=0 target=[+0.216616, -0.182224, -0.014380, -0.235620, +1.727910, +1.335150, +0.975006, +1.093876, +0.877452, +0.957591, +0.410142, +0.519017, +0.463812, +0.247593, +0.379016, +0.000000, +0.119137, +0.136473, +0.056574, +0.463940, +0.228566]
frame=383 t=19.150s reward=+1.044754 done=0 target=[+0.200885, -0.155790, -0.046579, -0.235620, +1.727910, +1.331988, +1.011104, +1.052209, +0.884278, +0.999257, +0.368475, +0.532900, +0.464157, +0.274586, +0.337350, +0.000000, +0.148451, +0.160557, +0.076544, +0.492981, +0.216124]
frame=384 t=19.200s reward=-1.290848 done=0 target=[+0.188147, -0.144224, -0.026209, -0.215951, +1.727910, +1.309489, +1.052770, +1.010542, +0.888084, +1.040924, +0.326808, +0.562848, +0.444039, +0.302241, +0.302213, +0.000000, +0.138024, +0.154385, +0.117422, +0.471548, +0.209877]
frame=385 t=19.250s reward=+0.341375 done=0 target=[+0.190781, -0.183672, +0.015458, -0.207183, +1.727910, +1.276137, +1.094437, +1.013871, +0.899022, +1.082591, +0.285142, +0.604515, +0.421620, +0.319047, +0.315555, +0.017350, +0.105985, +0.149423, +0.158924, +0.429881, +0.181561]
frame=386 t=19.300s reward=+0.743761 done=0 target=[+0.199857, -0.173044, +0.057125, -0.206120, +1.727910, +1.317804, +1.136103, +1.004232, +0.940689, +1.124257, +0.289087, +0.619036, +0.398686, +0.355806, +0.321618, +0.045848, +0.064318, +0.169962, +0.200591, +0.417251, +0.186849]
frame=387 t=19.350s reward=+0.050748 done=0 target=[+0.188721, -0.136803, +0.098791, -0.219513, +1.727910, +1.335150, +1.177770, +1.008997, +0.977559, +1.130517, +0.328003, +0.623589, +0.380957, +0.391145, +0.331190, +0.087515, +0.044459, +0.187302, +0.205393, +0.419904, +0.178526]
frame=388 t=19.400s reward=+0.862916 done=0 target=[+0.194261, -0.095137, +0.103394, -0.235620, +1.727910, +1.335150, +1.219437, +1.007410, +1.004642, +1.113164, +0.352751, +0.603529, +0.354778, +0.418899, +0.330729, +0.118106, +0.035372, +0.165255, +0.213831, +0.425016, +0.182299]
frame=389 t=19.450s reward=+0.986047 done=0 target=[+0.191178, -0.053470, +0.098878, -0.235620, +1.727910, +1.335150, +1.252007, +1.043848, +1.005563, +1.071497, +0.389694, +0.593285, +0.324593, +0.405821, +0.347683, +0.138188, +0.018673, +0.147217, +0.224203, +0.416092, +0.191587]
frame=390 t=19.500s reward=+1.024583 done=0 target=[+0.195301, -0.015390, +0.094938, -0.235620, +1.727910, +1.311809, +1.252922, +1.084942, +1.005118, +1.029831, +0.431361, +0.591214, +0.302149, +0.383309, +0.386324, +0.130765, +0.003298, +0.134964, +0.221155, +0.412414, +0.211627]
frame=391 t=19.550s reward=-1.479074 done=0 target=[+0.223907, +0.006495, +0.125679, -0.235620, +1.727910, +1.294706, +1.244160, +1.092476, +1.009252, +0.988164, +0.473027, +0.573173, +0.282846, +0.353467, +0.425847, +0.111272, +0.000000, +0.129366, +0.206828, +0.426078, +0.239195]
frame=392 t=19.600s reward=+1.036698 done=0 target=[+0.213262, +0.044102, +0.142601, -0.216792, +1.727910, +1.262358, +1.285827, +1.091552, +1.020615, +0.946497, +0.511194, +0.538330, +0.286682, +0.324014, +0.403100, +0.097189, +0.000000, +0.140760, +0.200618, +0.399492, +0.237283]
frame=393 t=19.650s reward=+0.696062 done=0 target=[+0.233078, +0.026591, +0.184267, -0.175125, +1.727910, +1.254730, +1.281742, +1.115504, +1.023247, +0.904831, +0.551973, +0.526934, +0.302401, +0.294857, +0.411424, +0.076076, +0.000000, +0.148046, +0.221580, +0.419007, +0.229529]
frame=394 t=19.700s reward=-0.054211 done=0 target=[+0.235620, -0.015076, +0.225934, -0.133459, +1.727910, +1.296397, +1.258417, +1.140844, +1.026377, +0.863164, +0.563245, +0.534739, +0.316286, +0.253191, +0.411375, +0.066716, +0.000000, +0.174275, +0.215729, +0.444095, +0.221107]
frame=395 t=19.750s reward=+0.967271 done=0 target=[+0.235620, -0.056742, +0.235620, -0.104186, +1.727910, +1.327627, +1.235017, +1.169441, +1.068043, +0.821497, +0.527513, +0.568869, +0.353866, +0.239824, +0.426415, +0.074547, +0.021325, +0.169110, +0.209987, +0.446788, +0.190136]
frame=396 t=19.800s reward=+0.474108 done=0 target=[+0.235620, -0.098409, +0.235620, -0.073137, +1.727910, +1.335150, +1.193350, +1.201618, +1.081286, +0.779831, +0.512098, +0.610535, +0.358706, +0.215984, +0.438481, +0.100632, +0.053098, +0.190522, +0.207681, +0.431219, +0.150095]
frame=397 t=19.850s reward=+0.929217 done=0 target=[+0.231350, -0.140076, +0.227251, -0.102061, +1.727910, +1.335150, +1.151684, +1.221257, +1.056456, +0.766866, +0.492256, +0.577186, +0.348461, +0.229822, +0.428830, +0.119989, +0.094765, +0.168159, +0.179731, +0.402733, +0.139686]
frame=398 t=19.900s reward=+0.872353 done=0 target=[+0.218150, -0.158945, +0.185584, -0.141645, +1.727910, +1.335150, +1.114188, +1.237466, +1.014789, +0.783539, +0.460387, +0.537439, +0.349436, +0.237195, +0.420911, +0.110558, +0.121924, +0.131601, +0.152526, +0.386145, +0.162383]
frame=399 t=19.950s reward=+0.906290 done=1 target=[+0.191762, -0.140938, +0.003399, -0.235620, +1.641767, +1.261973, +1.235547, +1.028092, +0.853093, +1.124491, +0.372006, +0.384481, +0.157384, +0.291552, +0.381117, +0.138946, +0.121432, +0.143117, +0.134835, +0.272107, +0.135761]
